File,aid,Date,0,1,2,3,4,5,6,8,9,10,11,12,13,14,32,33,34,35,36,37,38,48,49,50,51,52,53,54,64,65,66,67,68,69,70,72,73,74,75,76,77,128,129,130,131,132,133,134,136,137,138,139,140,160,161,162,163,164,165,166,176,177,178,179,180,181,182,192,193,194,195,196,197,198,200,201,202,203,204
FparExtra_QC_2000153_aid0001,aid0001,2000-06-01,4052590,767807,50549,85,3060,242.0,5.0,1621398,218845,12850,137,6.0,,,455410,109293,9632,20,1086,121,11.0,155775,23904,2908,9.0,1101,42.0,3.0,218083,61837,6349,1.0,1282,81.0,5.0,306803,5189,524,1.0,64,,16126726,1176886,53230,12,4947,368.0,1.0,6585286,304342,10843,9.0,3.0,1151292,150604,11619,5.0,3525,1504.0,12.0,230315,26690,2707,2.0,3102.0,339.0,6.0,136511,38114,4252,2.0,603,32.0,3.0,750915,6150,392,,4.0
FparExtra_QC_2000161_aid0001,aid0001,2000-06-09,2259245,462762,30440,21,331,23.0,,2584329,318633,17160,14,2.0,,,1076695,255205,22612,177,268,66,8.0,379235,75980,6445,7.0,53,,,90039,43363,6860,16.0,296,114.0,,449210,6657,816,5.0,21,,11955768,823691,36280,15,893,92.0,6.0,7755539,330625,12430,21.0,,2955624,389121,25030,5.0,1398,378.0,11.0,723402,70391,5990,,923.0,,,202264,61330,6136,1.0,552,61.0,,1413032,9790,544,,10.0
FparExtra_QC_2000169_aid0001,aid0001,2000-06-17,3209342,696295,41472,182,1195,101.0,,1635248,140168,9518,34,3.0,,,901971,289906,20922,50,947,68,10.0,256376,39741,3169,15.0,97,4.0,1.0,172206,75438,8076,6.0,720,36.0,1.0,578173,4962,529,,126,,14621468,1121350,44008,11,881,101.0,3.0,5932562,157034,6806,5.0,,2150662,361843,21071,35.0,2208,123.0,2.0,557070,63819,4576,1.0,76.0,6.0,1.0,311489,75670,6411,,317,48.0,,1334432,6873,369,,22.0
FparExtra_QC_2000177_aid0001,aid0001,2000-06-25,2910853,619104,38133,129,234,16.0,,2131610,203678,13141,127,,7.0,,817092,262073,20913,48,327,120,2.0,119234,22920,2201,,83,62.0,1.0,230761,82543,8445,10.0,375,70.0,,595777,6237,748,2.0,32,,13933875,982880,44402,6,599,59.0,,6481412,255632,9749,13.0,9.0,2376470,337793,18763,19.0,1037,102.0,,523288,55382,3546,,75.0,22.0,,355334,75873,6868,,188,42.0,,1307978,9280,633,3.0,21.0
FparExtra_QC_2000185_aid0001,aid0001,2000-07-03,2917544,662292,39514,65,103,20.0,,2592985,253116,19440,154,,,,564883,164076,13765,49,75,6,4.0,77273,10812,1081,,12,1.0,,248396,72750,8383,8.0,64,6.0,,432123,7215,883,,10,,14538168,948820,42840,11,86,9.0,,7709611,429796,17018,36.0,,1282956,207941,13910,3.0,56,11.0,1.0,308898,28860,2233,,18.0,3.0,,257860,62039,6129,,42,16.0,,911439,11819,724,,
FparExtra_QC_2000193_aid0001,aid0001,2000-07-11,3668807,724186,46609,119,39,,,1783142,166062,10716,142,4.0,,,603780,175772,14396,7,128,27,,84305,14305,1708,,47,14.0,,222927,85056,9328,2.0,33,1.0,,469480,5376,576,,14,,17203183,1214850,53883,26,72,,,5296795,245562,9180,14.0,,1101171,146533,10487,1.0,233,1.0,,267537,21230,2210,,20.0,,,310248,54239,5154,,37,,,830670,7607,409,,1.0
FparExtra_QC_2000201_aid0001,aid0001,2000-07-19,3076605,618224,38752,151,20,5.0,,2049875,191905,14472,98,,,,830594,266079,19059,21,46,24,,149485,23504,1745,,16,4.0,,183440,87237,9216,31.0,70,6.0,,519895,5932,592,4.0,1,,14644273,927090,43835,31,70,4.0,,7081550,346065,14422,11.0,,1540159,297206,15296,13.0,145,24.0,,352191,30815,1816,,18.0,5.0,,307770,94162,7729,,47,5.0,,1064644,11235,717,,5.0
FparExtra_QC_2000209_aid0001,aid0001,2000-07-27,1909639,393165,25430,148,62,20.0,,2910644,232424,19219,96,11.0,,,1045765,396208,27133,15,550,190,6.0,164475,55288,4103,1.0,124,21.0,2.0,83748,61310,8208,10.0,830,60.0,,736280,10165,1636,4.0,118,,7738100,655088,32167,4,50,10.0,,13136362,546707,22609,20.0,13.0,1939114,329202,17604,5.0,469,74.0,,340872,35272,2327,,222.0,19.0,,162459,68469,7223,2.0,435,50.0,,1726924,17959,1494,3.0,25.0
FparExtra_QC_2000217_aid0001,aid0001,2000-08-04,1493616,458351,26496,208,23,,,1252856,128997,9886,44,,,,2656543,581988,34631,29,370,8,,649945,99312,6267,,114,14.0,,101388,42971,4347,2.0,82,10.0,,241404,3782,555,,42,,4098380,401346,18313,13,34,,,5117670,309847,11403,3.0,3.0,6317784,789246,33157,64.0,542,39.0,5.0,2329205,197211,10821,,185.0,18.0,,103899,37777,3561,,141,10.0,,711875,12563,915,,7.0
FparExtra_QC_2000225_aid0001,aid0001,2000-08-12,1217984,299569,21195,108,27,,,2616623,221850,20416,45,,,,2387956,602806,33514,99,217,19,,207965,68512,4597,3.0,85,1.0,1.0,99865,37747,4360,23.0,68,5.0,,237195,3543,641,1.0,7,,10074778,617580,31198,34,81,6.0,,8252733,473673,21040,16.0,8.0,4510929,590128,27163,2.0,879,37.0,,1442250,119987,5314,,552.0,30.0,,153360,26576,3107,5.0,274,5.0,,423606,5077,487,,297.0
FparExtra_QC_2000233_aid0001,aid0001,2000-08-20,2696324,634350,36319,82,16,1.0,,3172814,338174,27781,137,4.0,,,364835,103228,8908,21,60,7,,37584,4651,675,,20,2.0,,132948,56382,6706,8.0,10,7.0,,453360,10245,1439,1.0,9,,12426425,763511,37751,19,25,,,10063536,640733,28084,30.0,1.0,1079963,128722,9177,4.0,47,7.0,,160164,14271,1284,,26.0,7.0,,337678,47655,5594,,22,82.0,,1018965,16186,1382,,2.0
FparExtra_QC_2000241_aid0001,aid0001,2000-08-28,2918511,604964,41079,159,97,12.0,,2345781,278238,19002,66,2.0,,,819979,203746,13844,48,811,182,,109461,19057,1796,2.0,76,7.0,,139595,43217,5676,27.0,786,22.0,,512280,7325,1018,10.0,232,,14744965,861415,46044,10,120,7.0,,6703058,477080,17880,24.0,2.0,1698627,201759,11211,4.0,698,62.0,,503687,37723,2694,,137.0,21.0,,379248,50197,5390,,542,32.0,,1026793,11127,775,,21.0
FparExtra_QC_2001153_aid0001,aid0001,2001-06-02,3000346,729257,44022,230,1547,143.0,,1619129,102673,8082,78,48.0,,,1111382,255804,21001,61,398,30,7.0,285826,33485,3120,3.0,128,24.0,3.0,212935,73073,7719,12.0,976,40.0,,571953,3143,314,2.0,114,,13685383,983562,43655,36,1409,111.0,,6913436,215475,9342,4.0,,2515475,413069,22523,3.0,417,34.0,1.0,558946,66023,3883,,191.0,21.0,1.0,179414,59513,5880,,479,96.0,,1096379,6134,419,1.0,38.0
FparExtra_QC_2001161_aid0001,aid0001,2001-06-10,2071111,500152,33197,77,1510,101.0,2.0,2694214,278946,19868,82,4.0,,,1190600,284829,20293,75,376,64,8.0,297102,43290,3139,,179,21.0,,96638,50118,6987,9.0,1120,86.0,,484711,7208,964,1.0,26,,13742773,819835,41467,13,854,298.0,,7376890,350685,12823,11.0,,2234562,370886,19920,8.0,1338,65.0,5.0,574788,74207,4779,,593.0,29.0,1.0,122508,57337,6366,,1316,68.0,,957508,8873,531,,16.0
FparExtra_QC_2001185_aid0001,aid0001,2001-07-04,3156190,688944,46871,173,26,5.0,,2219979,208662,13492,46,,,,643425,222603,15047,7,189,29,2.0,81763,12164,999,10.0,65,11.0,,150094,52755,6394,12.0,141,17.0,,559657,6491,807,1.0,37,,14843930,1118116,52388,7,49,5.0,,6731984,270286,10982,1.0,2.0,1698683,225915,12217,27.0,119,13.0,1.0,462922,30541,2262,25.0,51.0,5.0,3.0,245414,51565,5434,,55,11.0,,1009445,8331,559,,5.0
FparExtra_QC_2001193_aid0001,aid0001,2001-07-12,2822188,618714,43397,75,5,1.0,,2397483,197030,14249,60,1.0,,,696562,242434,16359,134,71,29,1.0,67830,10266,835,,37,11.0,,254300,83065,8489,6.0,20,9.0,,605036,7606,792,6.0,7,,14945662,1015670,47843,9,18,2.0,,7102197,319854,13165,14.0,,1368078,220989,13860,7.0,63,19.0,,258079,20785,1791,,27.0,2.0,,293302,62339,5919,,39,3.0,,1079169,11684,764,,
FparExtra_QC_2001201_aid0001,aid0001,2001-07-20,2889303,638234,39955,172,5,1.0,,2518354,260470,18190,109,3.0,,,618931,200417,15103,46,205,17,,79725,19272,1413,,78,9.0,,162055,61547,8177,7.0,227,25.0,,545405,8297,1282,,74,,14797609,1000039,48389,26,56,,,6863600,289185,11808,13.0,,1632237,264062,14494,2.0,200,16.0,,254643,35057,2049,,182.0,10.0,,262022,65611,6679,3.0,250,3.0,,1221316,10808,978,,6.0
FparExtra_QC_2001209_aid0001,aid0001,2001-07-28,2628903,621663,41300,78,4,1.0,,2617343,219805,14155,41,,,,798926,220855,17011,114,44,21,,100723,15544,1411,14.0,14,,,152550,63041,8518,24.0,66,22.0,,556178,7592,1124,2.0,18,3.0,15111204,991658,47776,17,13,,,6567345,295593,12680,5.0,,1701540,251371,13865,14.0,84,25.0,1.0,231319,26620,1688,,90.0,,,275752,59992,6003,4.0,34,23.0,,1176078,9802,753,,4.0
FparExtra_QC_2001217_aid0001,aid0001,2001-08-05,2881124,603979,39902,182,62,12.0,,2648961,281686,16885,105,,,,606681,177534,16727,3,745,51,3.0,52470,11517,768,,164,25.0,,101821,49403,7016,5.0,657,27.0,,577290,9876,1181,,246,,13282441,916143,46171,39,70,6.0,,8366846,384902,15278,4.0,,1691326,248036,13857,5.0,536,46.0,,230476,18211,1000,,292.0,20.0,2.0,199942,53857,5865,1.0,625,40.0,,1293403,11049,834,,30.0
FparExtra_QC_2001225_aid0001,aid0001,2001-08-13,2431907,609563,40916,156,3,2.0,,3065377,273832,16859,56,3.0,,,567620,195468,13569,64,133,25,,46398,12059,770,,45,2.0,,103594,73950,9282,11.0,89,10.0,,614111,9898,1288,5.0,43,,12387156,950910,48064,16,9,,,9527697,358678,14416,14.0,,1390790,222193,12328,11.0,55,20.0,2.0,234719,19176,1269,,25.0,3.0,,271223,72073,7110,1.0,30,3.0,,1251988,10442,928,,4.0
FparExtra_QC_2001233_aid0001,aid0001,2001-08-21,3249442,665228,42946,167,10,2.0,,2546152,320189,19644,66,,,,396847,109230,8534,19,368,31,,79304,11042,994,1.0,105,2.0,,128152,52200,7542,17.0,243,14.0,,437322,9663,1378,6.0,248,,15726561,998248,47974,41,4,,,6756670,398656,16208,1.0,3.0,1093260,146002,10364,4.0,82,3.0,,244727,17737,1778,,47.0,,,297551,54435,5698,4.0,74,2.0,,952225,12035,946,,13.0
FparExtra_QC_2001241_aid0001,aid0001,2001-08-29,3175838,646960,38378,160,37,10.0,,1762038,188022,12610,53,10.0,,,1069405,234133,19886,37,952,108,1.0,177389,23114,2032,1.0,215,33.0,,141291,59792,7629,20.0,411,37.0,,519162,6352,770,2.0,220,,13320706,898595,44610,16,117,18.0,,6890408,245366,9153,8.0,,2710340,428581,20756,26.0,1152,151.0,7.0,375512,45787,2611,,421.0,88.0,2.0,316158,66008,6576,,911,157.0,,1388253,8167,664,1.0,27.0
FparExtra_QC_2002153_aid0001,aid0001,2002-06-02,2784788,572761,36363,120,11553,810.0,17.0,2807210,338196,22490,75,450.0,,,492129,139802,13033,43,3705,301,13.0,123605,30143,2795,2.0,212,16.0,,154322,49156,6779,23.0,5305,339.0,2.0,481174,8057,947,2.0,370,,10471704,735450,34986,16,5906,608.0,4.0,11041888,569471,21235,8.0,2.0,1867761,281149,17324,9.0,3248,443.0,4.0,347215,55299,4696,,209.0,46.0,,106887,48555,5547,1.0,1682,151.0,,1148048,10997,789,,15.0
FparExtra_QC_2002161_aid0001,aid0001,2002-06-10,3078435,617593,43128,53,2091,186.0,,2382640,278859,15239,276,15.0,,,617269,193961,14295,2,1106,93,4.0,120784,37220,2521,4.0,80,3.0,,148499,49196,6918,2.0,667,59.0,3.0,468734,6445,654,,74,,12357938,887943,42510,24,3291,198.0,4.0,9699778,468553,17405,9.0,1.0,1581034,259713,17047,1.0,2801,224.0,3.0,206226,27925,2074,,87.0,,,118688,48315,5000,,835,99.0,,1023723,9282,593,,29.0
FparExtra_QC_2002169_aid0001,aid0001,2002-06-18,2270855,466802,30262,183,719,100.0,1.0,3235192,412474,26305,78,,,,577879,187295,15283,20,738,162,3.0,139754,37645,3270,,104,18.0,5.0,155053,54964,6866,20.0,368,77.0,1.0,453997,9376,1186,,53,,8005458,602339,31491,14,1093,119.0,2.0,13594493,677211,29077,11.0,,1819001,283342,16008,12.0,884,88.0,19.0,386076,43695,2721,,201.0,34.0,,86162,44517,5337,,552,90.0,,1138041,12256,995,,14.0
FparExtra_QC_2002177_aid0001,aid0001,2002-06-26,1903610,405325,27492,155,780,78.0,1.0,3531454,444693,29134,6,4.0,,,562826,189755,17229,75,555,71,,153205,24136,2244,7.0,172,13.0,5.0,124693,56315,7130,17.0,818,89.0,,591222,12139,1533,3.0,124,,8670965,679249,35123,6,502,66.0,,13051190,552231,21507,4.0,,1715070,318393,19210,25.0,538,59.0,,507796,51672,3288,,42.0,13.0,,64059,42224,4940,10.0,295,32.0,,1031087,10867,874,,16.0
FparExtra_QC_2002185_aid0001,aid0001,2002-07-04,2721708,501775,29643,229,146,28.0,,3260264,434485,32035,8,,,,320416,141897,11636,18,257,11,,81581,20161,1657,,69,47.0,,87634,49308,6377,16.0,141,13.0,,372178,11751,1562,,57,,10015373,713221,35476,41,179,40.0,1.0,12121464,627059,25875,2.0,,1419527,206174,13699,7.0,253,11.0,,310689,28614,1872,,96.0,11.0,,98201,48285,5711,,156,20.0,,1093821,14253,1205,,17.0
FparExtra_QC_2002193_aid0001,aid0001,2002-07-12,2507416,453206,28310,187,15,3.0,,3032334,459903,27936,51,10.0,,,595764,173453,17335,24,142,17,2.0,112572,16320,1757,,27,15.0,,73815,46201,6713,11.0,151,20.0,,522621,9621,1085,7.0,64,,10460717,764511,38441,19,49,3.0,,10887828,512822,21547,,1.0,1925231,250844,15346,18.0,312,25.0,,380259,28676,2204,,123.0,8.0,,115140,51820,5770,2.0,230,24.0,,1307214,11238,878,4.0,49.0
FparExtra_QC_2002201_aid0001,aid0001,2002-07-20,2138604,505623,37721,149,69,5.0,,3200689,313823,18263,111,8.0,,,674607,220990,17039,2,614,165,1.0,121159,22508,2054,,249,29.0,,105316,63081,8518,3.0,587,78.0,,623485,10229,1185,3.0,141,,12905756,849700,44353,19,90,1.0,,8443729,381435,15451,13.0,,1865035,269926,14541,2.0,570,58.0,1.0,504793,54843,2823,,234.0,20.0,,213278,63564,6321,,391,54.0,,1129922,13506,900,,24.0
FparExtra_QC_2002209_aid0001,aid0001,2002-07-28,2651069,574117,40837,133,11,3.0,,3018559,325309,22064,76,1.0,,,524065,161130,10398,72,160,34,1.0,47063,6189,540,6.0,41,21.0,,143621,68548,7874,16.0,113,9.0,,475750,8094,1122,9.0,53,,13463084,906050,45600,13,16,3.0,,8945405,466426,20563,9.0,1.0,1212969,156129,10265,15.0,35,,,224674,11103,946,,9.0,1.0,,237308,56686,5709,,10,3.0,,1006406,11130,781,,4.0
FparExtra_QC_2002217_aid0001,aid0001,2002-08-05,3451062,602417,42439,264,14,,,2724230,361697,25525,27,,,,280803,101135,7282,9,28,2,,22050,6113,734,1.0,9,,,114809,46120,5850,15.0,21,1.0,,285753,7747,948,,3,,12346074,832858,41753,36,36,1.0,,9900599,554846,24727,12.0,3.0,1295179,171326,11131,8.0,17,8.0,,181301,16691,1432,1.0,7.0,1.0,,166108,48137,5181,,13,2.0,,1170255,12628,976,,6.0
FparExtra_QC_2002225_aid0001,aid0001,2002-08-13,2409967,479758,30794,277,28,1.0,,2853533,365064,21720,12,5.0,,,696537,211042,16705,24,403,74,7.0,152889,25008,2343,6.0,110,11.0,2.0,79426,67059,8992,4.0,503,43.0,,650900,11925,1840,,96,,13202776,896911,44495,8,30,22.0,,8064200,328570,13135,1.0,1.0,1794971,284534,16224,39.0,254,20.0,,560488,41386,2539,,177.0,21.0,2.0,172526,75886,7661,,167,13.0,,1259767,13503,1006,,20.0
FparExtra_QC_2002233_aid0001,aid0001,2002-08-21,2780784,637858,41309,114,8,,,2894495,301660,21111,61,4.0,,,436560,127640,10104,25,156,8,1.0,95070,15653,1416,,36,2.0,,146765,53102,7690,10.0,133,7.0,,504525,9484,1279,11.0,27,,12843856,841760,40857,22,9,,,8735750,498451,19809,13.0,1.0,1534112,215312,12964,9.0,48,6.0,,364590,37088,2620,,42.0,1.0,,254277,65528,6533,2.0,19,8.0,,1289995,16623,1043,,5.0
FparExtra_QC_2002241_aid0001,aid0001,2002-08-29,2990601,630328,38251,170,11,12.0,,2666870,315778,21056,46,3.0,,,472065,150682,11458,20,120,24,,59315,13175,1299,3.0,28,1.0,,162031,53101,7180,23.0,63,1.0,,482867,9110,1359,4.0,53,,11577748,820759,40663,11,6,,,10239277,516908,21136,9.0,,1400859,216567,13261,6.0,99,2.0,2.0,231308,20469,1752,,29.0,3.0,,235909,55531,6091,2.0,36,3.0,,1367646,14069,1185,3.0,4.0
FparExtra_QC_2003153_aid0001,aid0001,2003-06-02,2855656,470922,32432,95,3534,204.0,,2676577,402473,22252,113,46.0,,,520871,242190,17819,13,471,29,4.0,184729,57133,3852,,162,10.0,6.0,111137,45267,6079,8.0,954,67.0,,423515,7583,819,4.0,82,,10293579,675326,33474,12,13375,1211.0,4.0,9975249,452776,16247,6.0,1.0,2479108,449642,24667,5.0,3256,605.0,25.0,768232,88357,5214,,515.0,40.0,1.0,118622,50343,5594,,1699,119.0,,1313425,9710,858,,56.0
FparExtra_QC_2003161_aid0001,aid0001,2003-06-10,2745156,626617,39471,87,546,70.0,,1857986,158431,10518,177,4.0,,,1061792,238052,20703,39,613,39,1.0,455041,60599,5629,6.0,162,28.0,,127740,57776,6726,18.0,574,38.0,,606314,5479,562,,114,,10100645,709854,35392,25,2035,209.0,,10337445,450844,17933,9.0,8.0,2422330,376773,20661,5.0,1272,224.0,10.0,661015,75469,4163,,583.0,28.0,3.0,130230,57409,5793,4.0,954,63.0,,1358717,10395,633,,220.0
FparExtra_QC_2003169_aid0001,aid0001,2003-06-18,3038302,616988,45520,114,295,25.0,,2780131,420189,21594,152,,,,420687,105108,9582,60,242,14,,50376,7876,881,,46,7.0,,106723,32098,4538,,194,8.0,,419133,5483,700,,42,,11169573,888743,44030,24,560,42.0,,10591018,450220,17536,17.0,,1731293,253301,16330,2.0,428,62.0,5.0,194050,13737,1570,,151.0,3.0,1.0,91187,42352,4908,,266,28.0,,1260915,8332,655,,14.0
FparExtra_QC_2003177_aid0001,aid0001,2003-06-26,2854287,490459,34516,215,43,2.0,,2515768,332745,19188,21,3.0,,,754769,234816,19479,29,127,37,,114522,23461,1858,,34,13.0,,135983,66759,8150,14.0,56,1.0,,471253,7564,872,,64,,14436330,910535,46024,19,195,25.0,,7192368,336655,12716,4.0,3.0,1880454,309055,17605,13.0,434,98.0,,289703,37806,1783,,141.0,22.0,,147055,55967,5698,4.0,150,4.0,,1091639,8278,549,,21.0
FparExtra_QC_2003185_aid0001,aid0001,2003-07-04,2953219,584605,36265,277,54,18.0,,2261379,250051,14934,48,6.0,,,751821,245322,19690,15,569,74,1.0,127553,46411,3044,,121,22.0,,108096,72195,9539,1.0,627,43.0,,590576,9602,785,5.0,140,,15900457,1027275,49065,35,242,63.0,,5919321,211567,7960,5.0,,1746161,329344,18868,5.0,596,38.0,1.0,224848,33395,1825,,218.0,35.0,2.0,178583,67117,6646,1.0,590,65.0,,1047047,9366,554,2.0,56.0
FparExtra_QC_2003193_aid0001,aid0001,2003-07-12,3355224,679314,44495,220,11,3.0,,2126487,204773,13408,52,7.0,,,600636,205424,14445,19,253,138,9.0,77103,16677,1133,3.0,100,7.0,,142157,71212,8004,6.0,173,21.0,,516750,7935,861,2.0,46,,14712769,1045632,51065,25,72,9.0,,7655442,306313,12396,3.0,,1333936,211936,12207,5.0,229,16.0,,237384,20668,1168,,145.0,10.0,,171488,60555,5942,7.0,182,5.0,,931577,9592,528,1.0,46.0
FparExtra_QC_2003201_aid0001,aid0001,2003-07-20,2774655,500863,35532,209,46,,,2497226,219222,14405,19,2.0,,,758715,294711,21210,15,89,49,1.0,64993,18187,1246,2.0,54,32.0,,113924,81942,9896,2.0,72,24.0,,670607,8197,953,,8,,12888386,839295,43009,13,14,3.0,,8770625,393068,16194,2.0,,1671962,289615,15494,7.0,139,6.0,,279488,23693,1416,,97.0,12.0,,265723,80194,7181,11.0,145,3.0,,1183010,11753,787,,8.0
FparExtra_QC_2003209_aid0001,aid0001,2003-07-28,2278508,395429,25164,132,38,15.0,2.0,2464412,249095,19570,71,10.0,,,1074985,409827,28006,10,525,311,11.0,164956,28244,1938,4.0,201,60.0,2.0,116668,76301,8213,5.0,470,96.0,3.0,729502,12868,1400,,56,,12027560,781065,40895,24,85,9.0,,8266460,374849,16892,3.0,13.0,2425413,368508,18156,12.0,660,59.0,5.0,481096,41692,2411,1.0,337.0,53.0,1.0,319926,78082,7351,11.0,607,83.0,,1515559,12607,762,,106.0
FparExtra_QC_2003217_aid0001,aid0001,2003-08-05,1844334,302783,21907,83,34,4.0,,2231098,188991,13977,173,2.0,,,1525274,516031,33888,18,526,57,6.0,221470,101903,5581,5.0,223,7.0,,127796,51617,7550,3.0,549,36.0,2.0,882301,7790,1010,4.0,75,,13858373,790140,41142,34,42,1.0,,6322635,273260,12399,13.0,,2495575,441681,20684,4.0,392,38.0,,451846,63801,3102,,128.0,2.0,,274779,77908,7642,,383,40.0,,1632880,11548,860,,21.0
FparExtra_QC_2003225_aid0001,aid0001,2003-08-13,2441613,530349,34866,247,30,17.0,,3358441,402153,27809,10,,,,430966,141519,10439,5,405,103,3.0,37973,10640,605,,129,3.0,,65941,47559,7004,5.0,370,53.0,,525879,10247,1569,,156,,12613510,876181,42459,36,5,,,9037225,492483,21477,,2.0,1465109,180953,11803,,139,5.0,,275678,11086,638,,107.0,5.0,,272282,57851,6366,3.0,137,44.0,,1401722,12988,1047,,12.0
FparExtra_QC_2003233_aid0001,aid0001,2003-08-21,2970681,612014,35402,226,37,2.0,,2938998,344248,25969,58,6.0,,,359211,133029,10580,4,432,63,6.0,43251,7605,825,,97,7.0,,83729,47579,6809,12.0,324,25.0,,453586,10557,1663,,73,,11740182,771739,38979,39,11,2.0,,10134954,573380,24535,5.0,3.0,1468909,189805,12708,2.0,116,8.0,1.0,140927,13025,1091,,53.0,5.0,,369154,54557,6310,3.0,49,4.0,,1225290,14263,1233,,11.0
FparExtra_QC_2003241_aid0001,aid0001,2003-08-29,2829863,623233,40282,109,40,4.0,,1818609,165201,9438,100,7.0,,,1118668,263328,19836,16,666,36,1.0,269558,45398,2862,,130,8.0,,156553,71923,8973,1.0,657,50.0,2.0,633508,7190,760,2.0,96,,14016976,1013540,48537,26,29,4.0,,6432293,277963,10452,14.0,1.0,2462899,310468,17349,5.0,256,15.0,1.0,381500,41522,2429,,73.0,11.0,,313562,66997,5902,,301,71.0,,1368633,8806,707,1.0,10.0
FparExtra_QC_2004153_aid0001,aid0001,2004-06-01,3267658,725091,50018,159,1579,208.0,8.0,1805877,167070,9391,80,22.0,,,650476,175584,13407,34,698,87,3.0,221191,32782,2159,29.0,146,12.0,1.0,252486,61685,6913,39.0,510,62.0,1.0,500106,5939,521,,97,,13961125,1010943,49837,31,5383,437.0,6.0,7777598,320675,12855,2.0,4.0,1723149,253960,14621,3.0,3405,600.0,14.0,535182,50253,2644,1.0,287.0,15.0,1.0,173182,54344,5911,4.0,896,58.0,,950529,8467,528,,89.0
FparExtra_QC_2004161_aid0001,aid0001,2004-06-09,2921689,681162,39248,258,1319,180.0,4.0,1826480,134204,7538,48,5.0,,,1020944,254317,23912,39,584,73,,200354,29061,3469,9.0,126,1.0,,155304,57366,7539,,677,46.0,,579831,5509,686,2.0,145,,12421258,876215,42152,21,3586,469.0,,7034217,184595,6953,10.0,2.0,3186632,497097,25299,5.0,2080,177.0,1.0,738530,82854,4931,2.0,287.0,4.0,,203838,76024,6950,1.0,1138,99.0,,1512343,8721,490,,58.0
FparExtra_QC_2004169_aid0001,aid0001,2004-06-17,3004248,636970,41697,123,139,10.0,,2071656,187963,9869,132,,,,762138,240416,20278,9,337,37,2.0,95780,16164,1434,,57,33.0,,175849,77370,9145,6.0,239,44.0,,593581,5700,668,,35,,12938190,989626,47919,24,1308,150.0,10.0,8243109,288036,10696,10.0,,2131092,344354,19054,11.0,1216,139.0,4.0,354904,33197,2074,,249.0,5.0,,187216,60061,5647,,594,64.0,,1248990,8443,578,2.0,67.0
FparExtra_QC_2004177_aid0001,aid0001,2004-06-25,2103582,427758,27656,196,38,9.0,,2509342,311072,19655,30,,,,1060588,302686,24186,21,203,93,6.0,276008,36331,3528,3.0,118,21.0,,154177,62861,6959,15.0,269,52.0,,615515,8230,831,,90,,11032964,708629,35414,5,259,12.0,,9164337,443449,17576,25.0,9.0,2689897,433402,22363,4.0,858,96.0,1.0,684622,80313,4785,,301.0,80.0,1.0,181724,57036,5682,2.0,941,86.0,,1341558,9896,638,1.0,73.0
FparExtra_QC_2004185_aid0001,aid0001,2004-07-03,2605317,582374,38600,121,40,2.0,,2394833,212452,12711,61,,,,791910,245689,18442,70,381,63,3.0,193148,45149,4418,29.0,95,2.0,3.0,151343,63666,7932,7.0,379,23.0,,574824,7208,740,,94,,13091000,903955,45679,61,60,10.0,,8173282,279817,10733,8.0,1.0,1946420,316087,18644,13.0,219,11.0,,595523,70211,4504,2.0,247.0,13.0,,215877,66767,6414,,196,7.0,,1160264,10396,590,,28.0
FparExtra_QC_2004193_aid0001,aid0001,2004-07-11,2461277,411377,30068,178,23,9.0,,2719795,359442,25263,69,1.0,,,784165,256742,17626,9,450,132,3.0,78584,16468,1158,3.0,169,28.0,,126077,60238,7866,9.0,323,40.0,,585080,8230,999,1.0,227,,14734821,944128,48450,20,41,6.0,,7202214,330804,14079,4.0,,1626756,256307,13682,5.0,570,28.0,,249997,22100,1309,,268.0,11.0,,227342,67308,6713,4.0,511,42.0,,1159092,9721,627,,79.0
FparExtra_QC_2004201_aid0001,aid0001,2004-07-19,2009679,407810,26601,205,55,18.0,,3371794,445373,32147,26,,,,547293,220213,14437,20,248,62,,58189,14985,929,,72,3.0,1.0,128035,57269,7256,7.0,193,26.0,,596638,11023,1473,,49,,11490699,801844,40467,26,49,16.0,,9810361,530881,23185,2.0,2.0,1866949,246441,13479,12.0,154,14.0,1.0,296326,19997,976,,88.0,3.0,1.0,261343,64389,5952,11.0,136,4.0,,1428626,13713,878,,14.0
FparExtra_QC_2004209_aid0001,aid0001,2004-07-27,2138804,447273,32728,88,16,3.0,,3074815,337047,20967,138,1.0,,,708810,266827,18498,4,436,124,4.0,60814,18386,1297,,169,8.0,,91299,64960,7924,5.0,386,16.0,,648371,10805,1015,1.0,90,,11654442,760708,42114,5,18,4.0,,9899661,485965,21785,17.0,,1875415,293887,15039,12.0,445,35.0,2.0,173242,16970,997,,172.0,19.0,,221001,65108,5919,2.0,363,28.0,,1370687,11963,986,,28.0
FparExtra_QC_2004217_aid0001,aid0001,2004-08-04,3457979,664298,47127,136,17,6.0,,1927950,179360,12565,23,,,,600121,209690,12372,35,95,103,1.0,88165,17084,1290,5.0,24,4.0,,168646,70729,7851,18.0,71,27.0,,478944,6692,684,,17,,15430297,984346,51796,30,15,4.0,,6583855,249019,11205,,,1486766,275353,14494,5.0,93,4.0,1.0,338428,57696,2953,,72.0,8.0,,345763,71894,6242,1.0,50,16.0,,996169,9862,602,,
FparExtra_QC_2004225_aid0001,aid0001,2004-08-12,2536581,516413,35541,114,16,,,2768953,258698,20000,75,,,,593142,226488,15445,10,62,12,3.0,223046,54426,3171,,23,1.0,2.0,120012,68134,7674,11.0,22,2.0,,494278,8869,886,6.0,13,,11897675,910212,45725,29,12,,,9233637,379077,17124,9.0,,1836775,228551,13441,10.0,253,13.0,,575512,45321,2248,,60.0,6.0,,315989,70362,6860,2.0,97,12.0,,1326303,10955,722,,47.0
FparExtra_QC_2004233_aid0001,aid0001,2004-08-20,2473895,649806,41008,88,33,7.0,,1922469,169241,8256,6,,,,1035685,220115,19352,109,460,59,,430547,54465,4122,62.0,86,15.0,2.0,149114,60177,8146,19.0,240,38.0,,696574,6841,1018,1.0,73,,14397840,988521,46967,33,38,3.0,,6076479,211156,8523,,5.0,2382861,323820,18725,17.0,210,15.0,,488271,53285,4327,,87.0,7.0,,369226,80306,7877,2.0,232,7.0,,1448305,9219,663,,12.0
FparExtra_QC_2004241_aid0001,aid0001,2004-08-28,3070817,616085,37162,186,36,3.0,,2215922,262304,15788,9,1.0,,,638755,188220,15466,37,346,24,,126052,15575,1779,,51,1.0,,149643,72843,9410,29.0,272,9.0,,504644,9262,1293,,105,,16152047,1056390,51908,36,55,44.0,,5615349,278336,10777,1.0,6.0,1600852,242827,13347,4.0,385,108.0,,257140,25930,1664,,45.0,15.0,,350955,76023,6922,7.0,159,15.0,,1164457,10489,730,,16.0
FparExtra_QC_2005153_aid0001,aid0001,2005-06-02,1695728,452436,31633,31,4821,353.0,4.0,2804469,325487,19735,23,58.0,,,1266652,268886,20844,156,794,119,4.0,205457,35136,3100,43.0,264,13.0,,108672,50249,7128,14.0,2055,130.0,1.0,637906,8415,1075,,238,,11069928,820630,39445,12,19329,1177.0,1.0,9119761,318360,13619,9.0,16.0,2744248,420623,23063,12.0,7091,2335.0,12.0,623290,72821,4244,6.0,1681.0,134.0,,133206,57089,6440,,3772,263.0,,1404978,8694,672,,78.0
FparExtra_QC_2005161_aid0001,aid0001,2005-06-10,2242776,467617,34694,109,2405,178.0,,2125337,208986,13393,71,34.0,,,1195081,413676,24809,62,432,100,4.0,348607,47547,3216,2.0,206,41.0,,141949,52764,6673,23.0,855,87.0,,613942,5695,696,2.0,60,,12851846,943973,45743,22,7523,742.0,,8640026,338408,13432,16.0,8.0,1845461,310846,17620,4.0,8752,2619.0,10.0,374507,39315,3403,,851.0,50.0,3.0,159216,58022,5839,3.0,2010,186.0,,1237296,8611,617,,59.0
FparExtra_QC_2005169_aid0001,aid0001,2005-06-18,2801804,634658,41520,272,98,8.0,,2792676,349531,24452,41,,,,429016,126627,9069,9,87,7,,88978,15146,1018,11.0,19,,,145939,41557,5144,,26,3.0,,436505,6918,938,,52,,11720105,797566,39585,14,2067,250.0,2.0,11253903,658774,27978,12.0,,1010972,175798,10903,8.0,2261,738.0,11.0,155815,17742,1241,1.0,2099.0,10.0,,95306,40717,4662,,464,44.0,,885395,11627,906,,63.0
FparExtra_QC_2005177_aid0001,aid0001,2005-06-26,2088372,464324,28720,113,64,8.0,,3059613,346712,25957,8,,,,691011,222043,18808,114,340,168,5.0,96197,18337,1476,,98,48.0,,172319,60532,7510,28.0,335,66.0,,637716,9831,1148,2.0,106,,11933229,823625,39392,11,816,302.0,,9978480,472330,20660,4.0,,1571474,287092,15605,34.0,3142,532.0,,244536,29737,2078,,109.0,14.0,,191619,66073,6777,1.0,331,73.0,,1214889,13001,1032,,41.0
FparExtra_QC_2005185_aid0001,aid0001,2005-07-04,3066882,582573,37812,106,32,,,2277288,315840,19535,68,,,,596207,166134,15426,127,155,76,2.0,156189,24589,1890,24.0,59,11.0,,132148,50169,7148,29.0,147,7.0,,492222,8182,950,2.0,100,,14372518,909624,43918,23,329,87.0,,8055952,438714,19147,4.0,,1324011,235307,13759,8.0,264,113.0,3.0,306991,28195,1745,,64.0,3.0,,150956,54965,5781,7.0,136,20.0,,942779,10857,749,,10.0
FparExtra_QC_2005193_aid0001,aid0001,2005-07-12,2438314,458308,29621,220,90,27.0,1.0,2217966,256000,16833,8,1.0,,,1054162,326100,25456,16,1356,341,16.0,166939,22627,1925,,279,53.0,7.0,103258,66255,7899,10.0,1650,140.0,1.0,744214,10507,1160,6.0,363,,13135391,844519,41363,13,157,26.0,,7845423,358616,16401,15.0,1.0,2160620,363086,18030,21.0,2401,177.0,20.0,292540,28688,1347,,801.0,78.0,2.0,215957,75302,7227,4.0,1767,260.0,,1491565,14114,953,3.0,151.0
FparExtra_QC_2005201_aid0001,aid0001,2005-07-20,3057651,634899,43195,221,34,,,2505281,256731,17615,35,1.0,,,481785,159140,11659,31,335,54,2.0,80939,22026,1379,1.0,149,12.0,,131668,68029,7970,,336,14.0,,461041,8722,1105,,69,,15215306,1006497,49977,41,8,2.0,,6831195,330933,14167,,,1471029,215202,12738,16.0,60,16.0,,318905,21673,1427,,33.0,10.0,1.0,259865,67655,6725,,43,6.0,,1079756,12791,953,,9.0
FparExtra_QC_2005209_aid0001,aid0001,2005-07-28,2770399,542316,36044,142,88,10.0,,2750322,308014,21605,75,2.0,,,538009,194240,14099,7,139,110,,36766,9182,890,,43,14.0,,138227,66678,7767,,145,26.0,,506911,8748,1087,1.0,23,,13906650,908360,45324,11,56,1.0,,8260608,424486,19202,1.0,,1448807,232910,12186,25.0,271,14.0,,130549,11410,1036,,51.0,3.0,,243523,57812,6008,,150,39.0,,1194281,12360,900,,5.0
FparExtra_QC_2005217_aid0001,aid0001,2005-08-05,2561116,537107,37416,237,67,1.0,,2844799,344118,24096,46,10.0,,,560918,172508,11285,41,690,57,3.0,90539,16495,952,,223,7.0,,108972,52049,6723,15.0,521,29.0,,568983,10368,1457,1.0,280,,12857901,898427,47131,6,81,12.0,,8443681,416487,19342,1.0,8.0,1849356,231640,11335,29.0,919,61.0,1.0,272597,18723,1084,,319.0,43.0,,294013,56321,5686,,938,54.0,,1474621,14918,1186,,118.0
FparExtra_QC_2005225_aid0001,aid0001,2005-08-13,2663442,547403,37530,79,8,1.0,,2936017,344128,22151,92,,,,435182,162510,10599,18,128,15,,86482,15987,1127,14.0,21,1.0,,141541,72996,8168,9.0,135,4.0,,454390,10586,1314,2.0,49,,15266829,1034322,51493,7,25,2.0,,6841926,330153,13367,7.0,3.0,1381230,193293,11145,37.0,44,25.0,,175983,12740,983,1.0,25.0,3.0,,368337,71511,6299,1.0,55,9.0,,1146677,9839,667,,1.0
FparExtra_QC_2005233_aid0001,aid0001,2005-08-21,3300761,712308,40283,186,15,6.0,,2054152,216164,14593,39,1.0,,,562446,195814,14151,20,120,35,,109398,15443,1365,9.0,33,26.0,1.0,152593,74881,8127,4.0,69,11.0,,469661,8130,1243,,41,,16144448,1106488,54909,23,5,1.0,,5996665,275109,10995,3.0,6.0,1250571,204695,11391,3.0,89,4.0,,229313,21684,1648,,23.0,10.0,,439132,73860,6373,,47,3.0,,1077676,11046,799,,20.0
FparExtra_QC_2005241_aid0001,aid0001,2005-08-29,3929317,724930,46397,114,7,,,1848596,214924,15198,30,7.0,,,386256,126135,9366,37,264,12,1.0,82490,12121,800,14.0,63,8.0,,172114,58348,6382,31.0,41,3.0,,311856,5634,586,8.0,39,,16350499,1138847,56217,41,20,,,6982655,357784,14637,4.0,4.0,683069,114739,7887,4.0,4,,,73196,9246,1017,,,,,226716,42682,4184,5.0,5,2.0,,845176,7766,633,,
FparExtra_QC_2006153_aid0001,aid0001,2006-06-02,2891858,574872,40090,113,2011,237.0,6.0,2003865,205745,15544,95,5.0,,,926470,253865,14517,99,704,61,,232660,70262,4676,2.0,90,1.0,1.0,171243,52965,6629,2.0,1281,110.0,2.0,475029,6342,592,5.0,80,,13940925,984644,47254,25,3446,323.0,7.0,8706685,465618,19245,7.0,5.0,1161825,163121,11294,3.0,1066,323.0,8.0,317243,30172,2418,,136.0,6.0,,155973,42723,4883,,1123,66.0,1.0,847531,8329,592,,19.0
FparExtra_QC_2006161_aid0001,aid0001,2006-06-10,3144437,629902,40774,77,1231,122.0,,2235112,288606,19255,61,2.0,,,584357,164020,11833,106,302,81,1.0,164015,35721,3035,,42,2.0,,155354,56572,5915,14.0,661,48.0,3.0,403279,6390,717,5.0,77,,13338645,854525,42937,17,5589,192.0,1.0,9392222,535442,20267,10.0,,1151616,182993,13213,3.0,2099,794.0,30.0,287020,43463,3467,,72.0,1.0,,127587,45790,5334,,802,45.0,,852332,9850,665,1.0,15.0
FparExtra_QC_2006169_aid0001,aid0001,2006-06-18,2484384,478702,32790,148,261,30.0,1.0,3024638,422876,23438,86,1.0,,,536515,210192,16642,16,355,106,5.0,77940,28631,1956,9.0,107,18.0,4.0,97217,50729,6892,22.0,218,66.0,2.0,445293,10638,1090,7.0,104,,13491903,903940,46883,7,1164,225.0,14.0,8143415,387362,13242,21.0,6.0,1938659,357613,18183,9.0,1907,559.0,7.0,276991,24205,1482,,209.0,56.0,,130845,63568,6067,,397,168.0,,1096943,10282,668,,39.0
FparExtra_QC_2006177_aid0001,aid0001,2006-06-26,2146339,432386,30117,189,31,1.0,,3520560,467908,33464,72,2.0,,,385683,156133,11857,10,184,33,2.0,53295,8234,621,2.0,169,9.0,,120679,47212,5832,9.0,71,17.0,,519852,10164,926,2.0,64,,9142707,680498,36503,20,144,10.0,,13130822,723722,29373,9.0,1.0,1391012,176905,12120,15.0,110,49.0,1.0,240495,16705,1276,,106.0,28.0,,122481,41836,5043,4.0,60,21.0,,1151951,12215,785,,12.0
FparExtra_QC_2006185_aid0001,aid0001,2006-07-04,1954175,388275,25284,143,29,,,3439840,476055,33134,82,2.0,,,526120,190580,13776,50,196,15,,137953,24982,2286,,77,12.0,,126035,51850,6179,10.0,173,7.0,,541847,11621,1323,1.0,17,,10068131,724867,37019,38,69,2.0,,10773617,542112,22919,5.0,2.0,2012818,283340,15694,5.0,243,19.0,,649730,60958,3535,,99.0,27.0,,205285,51668,5260,1.0,169,34.0,,1446336,12168,854,,15.0
FparExtra_QC_2006193_aid0001,aid0001,2006-07-12,3035411,590907,39142,169,23,1.0,,2852985,380517,25565,46,1.0,,,331985,121717,8569,57,114,2,,25276,8150,626,9.0,32,2.0,2.0,88051,48726,6067,12.0,101,2.0,,377766,8941,1146,1.0,8,,14350159,972038,49864,36,5,,,8929470,480400,19428,5.0,,854592,144792,8803,6.0,53,11.0,2.0,114292,11424,779,,15.0,,,157967,47442,5084,,24,9.0,,758838,10638,853,1.0,9.0
FparExtra_QC_2006201_aid0001,aid0001,2006-07-20,2531790,483467,30548,222,20,3.0,,2940727,343037,24711,43,,,,519334,212916,15653,10,244,56,1.0,68078,17082,1671,,55,12.0,1.0,107201,75368,8488,3.0,196,23.0,,558626,11085,1414,,44,,12907058,909640,46248,20,7,,,9067762,422297,17432,30.0,,1501839,240584,13102,4.0,34,13.0,1.0,277473,27839,1724,,22.0,3.0,,241919,66153,6216,,50,2.0,,1155788,12981,795,,3.0
FparExtra_QC_2006209_aid0001,aid0001,2006-07-28,2523609,506480,37081,133,12,2.0,,2938236,389040,23383,113,,,,558370,153079,11058,23,118,19,,40772,9178,894,,32,9.0,,110580,58275,7821,23.0,140,6.0,,570046,12253,1318,2.0,24,,12986259,909795,47626,17,18,2.0,,8582798,448982,18205,20.0,1.0,1767896,185556,11204,16.0,46,3.0,,262686,9541,921,,36.0,4.0,,267197,59395,6276,3.0,52,,,1339244,12349,870,,21.0
FparExtra_QC_2006217_aid0001,aid0001,2006-08-05,3277280,678392,45033,151,27,,,2326375,217010,16591,83,2.0,,,479079,127726,10036,6,188,143,,51214,7773,719,,40,18.0,,169324,63196,7775,3.0,139,20.0,,463376,9234,1121,,55,,14689531,1027686,52883,26,10,,,7307555,329867,13629,12.0,1.0,1429018,193773,11647,,151,5.0,,244613,21984,1129,,66.0,5.0,2.0,354452,68190,6426,,56,2.0,,1151320,12201,787,,12.0
FparExtra_QC_2006225_aid0001,aid0001,2006-08-13,3367735,739833,47685,146,10,18.0,,2349344,215930,15017,48,8.0,,,402637,125489,9393,12,158,36,,94090,11805,828,,73,14.0,,109165,59064,7133,19.0,69,2.0,,387105,7994,1234,4.0,31,,14638622,1097859,55921,23,48,8.0,,7267164,295215,11902,8.0,,1408554,177826,10630,12.0,226,3.0,,230693,16638,1106,,254.0,8.0,,335669,62113,5754,,111,4.0,,1288783,11102,747,,36.0
FparExtra_QC_2006233_aid0001,aid0001,2006-08-21,2758107,588720,35617,189,13,2.0,,2587169,275238,19188,4,8.0,,,604836,213972,16709,28,180,57,,120844,25661,2434,19.0,46,24.0,,140816,65498,7615,3.0,182,21.0,,479820,7957,1098,,54,,12233468,814819,40751,7,55,20.0,,8513968,422705,17116,2.0,4.0,1995967,337125,17313,30.0,589,193.0,3.0,767355,71004,4482,,252.0,57.0,2.0,281193,68923,6565,3.0,650,142.0,2.0,1309247,11975,939,2.0,111.0
FparExtra_QC_2006241_aid0001,aid0001,2006-08-29,2480995,581470,39643,155,56,1.0,,2020537,176691,10497,63,9.0,,,1194231,261952,16991,10,295,22,,400818,87878,4657,,37,,,96849,52904,7669,10.0,413,14.0,,508268,7792,960,6.0,236,,14275344,1038559,52846,26,39,2.0,,7019307,259875,9561,11.0,2.0,1920964,263645,14229,12.0,162,12.0,,409386,37716,2187,,56.0,,,303731,62325,6753,1.0,104,14.0,,1230330,9170,649,1.0,20.0
FparExtra_QC_2007153_aid0001,aid0001,2007-06-02,2185357,510914,33049,63,1325,94.0,3.0,2667485,310266,17960,200,6.0,,,743023,232330,19399,20,761,162,3.0,286458,55584,3545,,98,20.0,2.0,129979,58979,6859,2.0,725,95.0,,594145,7116,821,2.0,118,,10538529,868584,41524,28,3162,653.0,,11058307,513091,19375,19.0,8.0,1738195,276099,17002,3.0,3107,513.0,3.0,420499,36476,2867,,288.0,13.0,,133071,53075,5682,,699,69.0,,1261628,9694,680,,47.0
FparExtra_QC_2007161_aid0001,aid0001,2007-06-10,2644410,567309,34314,59,2019,192.0,,2671052,350858,24447,50,31.0,,,595738,165850,12785,95,841,139,,118703,17743,1172,30.0,248,7.0,,144641,51802,5786,3.0,1194,118.0,,446015,8439,860,2.0,16,,10290074,688414,34397,9,1675,112.0,,11817530,635662,25845,9.0,,1562911,267035,17094,14.0,456,50.0,,326856,47099,3676,,114.0,4.0,,114559,48662,5376,1.0,690,43.0,,1100654,13159,800,,10.0
FparExtra_QC_2007169_aid0001,aid0001,2007-06-18,3422591,646049,43385,72,568,27.0,,2273190,321434,18410,53,12.0,,,349055,107159,11109,98,448,36,2.0,132747,21963,1795,41.0,153,2.0,,114220,44819,5360,16.0,393,36.0,,343449,7348,802,,126,,13656385,949492,45559,37,572,14.0,,8266226,411307,16014,2.0,,1556201,256683,15553,6.0,447,78.0,4.0,579802,57109,2998,,211.0,21.0,,122302,51538,5137,2.0,343,48.0,,996533,11624,712,,30.0
FparExtra_QC_2007177_aid0001,aid0001,2007-06-26,2571067,534450,34899,122,262,18.0,,2467946,287329,18550,87,1.0,,,663134,228984,18663,52,500,161,2.0,152116,20753,1930,6.0,61,13.0,,152495,74832,7294,26.0,552,51.0,15.0,620606,8938,939,,114,,11531392,815283,40279,26,523,73.0,,8755602,353337,14428,5.0,,2822012,403868,22004,2.0,1046,95.0,,735879,65979,4010,,283.0,89.0,1.0,104394,60512,6118,11.0,1361,118.0,,1253517,10005,690,,48.0
FparExtra_QC_2007185_aid0001,aid0001,2007-07-04,2239816,447303,27197,136,27,2.0,,2753624,291521,17356,53,,,,785478,304844,24026,14,281,37,2.0,138981,30322,2242,,82,16.0,,89608,68631,7921,15.0,158,16.0,,626501,9742,1006,1.0,9,,10683690,823198,40801,14,89,4.0,,10363190,336836,13526,8.0,,2168361,377790,21117,23.0,431,30.0,,368367,39130,2563,,68.0,11.0,,181842,77540,7412,,159,70.0,,1484499,11392,825,,4.0
FparExtra_QC_2007193_aid0001,aid0001,2007-07-12,2028686,522320,33668,61,37,7.0,,2480414,215822,13853,95,14.0,,,947530,303072,23148,80,260,224,,226509,34349,2490,13.0,102,19.0,,149257,81572,8090,23.0,261,36.0,,783629,10143,958,21.0,205,,11735433,837777,42202,33,40,8.0,,9556886,383302,16862,6.0,1.0,1901968,312165,18026,4.0,140,15.0,,516558,56587,3066,3.0,62.0,3.0,,214364,70346,6483,4.0,87,18.0,,1317661,12068,795,2.0,15.0
FparExtra_QC_2007201_aid0001,aid0001,2007-07-20,2343903,517021,34701,165,21,,,2834552,293606,20525,32,,,,620918,204961,13909,16,156,32,,89568,15313,1155,,84,,1.0,132867,78482,8836,9.0,127,8.0,,643210,11298,1464,,28,,9990357,784418,39114,27,17,,,10743743,502599,22184,12.0,,2262021,240881,14321,3.0,154,8.0,1.0,442801,30465,1902,,92.0,,1.0,223656,63477,7022,1.0,112,2.0,,1618499,13960,1136,,4.0
FparExtra_QC_2007209_aid0001,aid0001,2007-07-28,2088115,439363,30109,176,44,7.0,,3546049,470866,31798,32,2.0,,,419030,144835,9743,68,364,115,4.0,21669,7157,522,,63,11.0,,57760,47193,6584,16.0,230,28.0,,532366,10994,1597,,58,,8238439,731668,39371,21,58,1.0,,11981747,561557,24042,2.0,,2452781,269431,14491,20.0,179,12.0,4.0,241889,18422,1205,,103.0,15.0,,198567,61835,6354,12.0,162,11.0,,2143013,16384,1176,,18.0
FparExtra_QC_2007217_aid0001,aid0001,2007-08-05,2787428,538647,38309,83,6,6.0,,2748691,356317,22862,38,,,,499819,140168,9605,76,20,16,,68528,22724,1689,2.0,11,,,126920,52141,6804,13.0,47,2.0,,435155,9750,1084,4.0,3,,14105044,809590,43805,18,10,,,8943600,617219,25095,9.0,,954157,140969,9939,6.0,68,,,180671,17130,1192,,28.0,1.0,,202344,47386,5132,3.0,14,9.0,,886364,12155,1031,,1.0
FparExtra_QC_2007225_aid0001,aid0001,2007-08-13,2288182,511789,31213,182,13,,,3498304,418562,32406,27,10.0,,,313949,125346,8556,46,65,24,,54915,7964,704,9.0,13,5.0,,98196,51428,5452,20.0,41,24.0,,408622,9580,1294,1.0,26,,8630031,694290,36685,43,23,1.0,,14250240,768572,32681,3.0,3.0,987734,136858,10359,3.0,161,18.0,2.0,167616,13530,1117,,88.0,8.0,,149987,42261,4990,3.0,244,22.0,,1058827,15281,1293,,16.0
FparExtra_QC_2007233_aid0001,aid0001,2007-08-21,2875365,603137,37312,128,6,,,2725865,348789,20488,80,5.0,,,380105,143871,10629,27,86,6,1.0,71992,17349,1731,5.0,15,,,143813,58147,7488,10.0,38,1.0,,409597,9573,1277,,32,,13294198,919697,45429,20,15,3.0,,8830271,444440,17935,9.0,,1377913,215435,13727,25.0,50,5.0,,173464,25745,1899,,24.0,1.0,,290495,73886,7464,1.0,27,9.0,,1256379,13312,1107,,5.0
FparExtra_QC_2007241_aid0001,aid0001,2007-08-29,3099669,649322,39315,157,24,6.0,,2757304,393359,25394,68,1.0,,,255200,78743,6747,36,96,18,2.0,43736,5735,526,8.0,26,,,103453,39998,5423,13.0,92,13.0,,352377,8750,1325,1.0,31,,13635439,979627,48619,21,86,5.0,,8363096,430112,18638,18.0,7.0,1610870,178612,11201,3.0,648,9.0,3.0,146491,17270,962,,80.0,6.0,,228154,47458,5058,5.0,211,19.0,,1268270,10902,1005,4.0,81.0
FparExtra_QC_2008153_aid0001,aid0001,2008-06-01,2312370,540645,36277,61,14083,1296.0,23.0,2240494,236908,13166,13,211.0,,,1181224,274810,21578,164,1819,216,43.0,167837,30323,2328,,429,81.0,2.0,143053,62079,7777,7.0,5221,271.0,9.0,563934,7144,718,,354,,12710357,899545,45384,20,19051,1106.0,9.0,8359233,320807,12043,10.0,10.0,2223109,347249,20903,17.0,5418,886.0,45.0,423639,40244,3597,,1555.0,171.0,3.0,205029,68907,6647,,4670,330.0,5.0,1274500,7968,472,,51.0
FparExtra_QC_2008161_aid0001,aid0001,2008-06-09,3222115,642571,39990,186,6709,641.0,11.0,2141640,227178,15380,31,88.0,,,585562,205055,16386,36,1714,116,4.0,53876,12586,924,,186,28.0,,162629,61052,7326,7.0,1646,137.0,3.0,454173,6149,670,,163,,15015630,1023582,49983,26,16997,1233.0,8.0,7073894,277497,10856,20.0,7.0,1665911,312346,17164,8.0,6433,1503.0,19.0,210993,21484,1365,,2467.0,39.0,,188062,70064,6296,,1905,209.0,3.0,1019276,7149,506,,55.0
FparExtra_QC_2008169_aid0001,aid0001,2008-06-17,2890064,553783,39561,114,2232,324.0,3.0,2136300,222425,12718,100,11.0,,,768815,296505,19148,128,753,164,11.0,120096,18901,1579,1.0,119,31.0,,191603,64218,7268,5.0,688,57.0,1.0,512520,5989,579,1.0,153,,14495317,990681,48143,37,7785,578.0,13.0,8301484,400495,16390,7.0,3.0,1211993,197867,13158,15.0,8333,1632.0,16.0,228204,34873,2627,,323.0,21.0,,184295,54329,5221,5.0,1409,89.0,,787609,9419,560,,59.0
FparExtra_QC_2008177_aid0001,aid0001,2008-06-25,2690242,533632,36577,130,272,50.0,,2562051,257758,17125,77,1.0,,,580220,229162,16767,28,379,92,,81832,27851,2510,9.0,113,11.0,3.0,159041,78094,7691,9.0,439,70.0,,574151,9578,874,1.0,128,,11822444,888763,45016,8,2368,113.0,,10436077,451329,18322,3.0,1.0,1455241,224990,13235,35.0,739,245.0,4.0,305984,35525,2404,,220.0,28.0,1.0,202140,58467,5806,,557,58.0,2.0,1021638,10542,663,2.0,20.0
FparExtra_QC_2008185_aid0001,aid0001,2008-07-03,2312987,512735,34519,113,81,7.0,,2740822,270229,17850,100,3.0,,,698049,238081,18165,23,467,150,2.0,128969,21384,1797,5.0,237,36.0,,118217,70043,8720,,524,37.0,,661220,10115,1160,,121,,10307588,801913,40242,8,571,72.0,4.0,10625729,454781,19684,4.0,7.0,2272802,295895,16445,38.0,560,53.0,7.0,447069,36922,2430,,134.0,32.0,,166034,64145,6457,,559,58.0,,1428047,13692,978,,30.0
FparExtra_QC_2008193_aid0001,aid0001,2008-07-11,3089632,620571,41617,212,18,,,2563215,287742,19838,9,,,,411250,161026,11254,14,66,23,,52853,17133,1216,,21,6.0,,118502,58419,6653,9.0,44,9.0,,397515,7250,843,,8,,12145368,973541,48755,11,216,15.0,,10444779,451152,19183,,1.0,1257954,165410,10684,28.0,241,41.0,,185884,13618,1165,,59.0,,,188909,52073,5334,1.0,52,6.0,,1028187,9673,648,,2.0
FparExtra_QC_2008201_aid0001,aid0001,2008-07-19,2309431,490489,33478,130,34,12.0,,3157589,342047,25150,135,3.0,,,508411,198185,13853,25,179,59,1.0,44447,11923,1017,2.0,88,11.0,,127810,65615,7282,14.0,95,8.0,,518018,10159,1245,6.0,17,,12133466,826569,42618,21,49,7.0,,10031593,552378,24267,33.0,2.0,1436412,191530,11717,13.0,92,11.0,,207499,13976,1177,,102.0,8.0,,231443,60470,5861,3.0,107,8.0,,1217505,13181,868,,4.0
FparExtra_QC_2008209_aid0001,aid0001,2008-07-27,2121605,447901,31415,88,25,3.0,,2955173,322484,21334,139,3.0,,,692301,256826,17004,61,375,70,8.0,83598,26054,1773,,107,12.0,1.0,144578,71690,8031,16.0,256,32.0,,651722,10761,1358,1.0,163,,13595862,900846,47759,22,68,2.0,,9121738,463334,20882,20.0,1.0,1237416,178163,10375,21.0,130,6.0,,192524,18735,1266,,71.0,10.0,,179211,51271,4870,2.0,86,8.0,,965170,12244,847,,30.0
FparExtra_QC_2008217_aid0001,aid0001,2008-08-04,2558231,478640,35658,117,11,2.0,,2335850,193238,12494,97,4.0,,,870853,340381,19130,30,558,145,13.0,96242,35736,2557,3.0,147,46.0,,187399,87650,9551,6.0,375,45.0,5.0,593593,7312,741,10.0,98,,13484710,1002190,52453,23,33,3.0,,8114432,299811,12671,14.0,1.0,1698271,223929,12984,10.0,174,21.0,,280114,23139,1646,,93.0,5.0,,432617,81618,6912,2.0,86,19.0,,1264763,9559,663,,24.0
FparExtra_QC_2008225_aid0001,aid0001,2008-08-12,2778743,572041,39762,189,8,,,2514309,285489,19219,35,1.0,,,580646,187795,13079,46,125,18,,104614,18832,1744,13.0,22,3.0,,101413,58644,6977,18.0,107,7.0,,572509,9343,1195,1.0,21,,13717083,976225,50606,17,41,14.0,,7324412,296050,14001,6.0,1.0,1883397,279405,14000,20.0,264,37.0,,477853,45713,2439,1.0,143.0,7.0,1.0,260516,64067,5972,4.0,162,7.0,,1578732,10978,778,1.0,37.0
FparExtra_QC_2008233_aid0001,aid0001,2008-08-20,3300693,693555,41296,57,53,6.0,,1902530,231780,14425,19,15.0,,,623030,159319,12678,92,335,77,2.0,238011,25183,2155,57.0,99,11.0,1.0,106557,46519,6560,15.0,162,16.0,,451800,8310,1445,1.0,104,,12635640,905616,45042,25,92,4.0,,8956547,391106,16564,5.0,,1775175,273758,14766,12.0,223,17.0,,344239,25020,1556,5.0,80.0,8.0,,175303,65432,7245,,130,28.0,,1354745,13438,1148,,21.0
FparExtra_QC_2008241_aid0001,aid0001,2008-08-28,3352184,651174,40112,120,19,5.0,,2487635,324967,21451,75,11.0,,,326408,97104,9289,39,115,12,,45984,6285,706,,47,7.0,,112410,40694,5336,11.0,40,1.0,,334708,8664,1307,,48,,13678160,946392,46465,24,71,7.0,,8687583,443058,19621,20.0,,1225322,198168,12076,19.0,18,3.0,,227118,23305,2072,,55.0,2.0,1.0,189320,48362,5120,2.0,39,,,1237225,12435,915,5.0,7.0
FparExtra_QC_2009153_aid0001,aid0001,2009-06-02,2391829,638036,39223,81,3082,235.0,7.0,2494704,251040,15340,163,21.0,,,689440,200082,14691,18,659,95,5.0,325541,34285,3025,,276,26.0,1.0,135937,57124,6425,3.0,1546,118.0,11.0,555060,7918,812,1.0,108,,9571836,826496,38482,30,6687,505.0,8.0,10962272,505767,19699,24.0,,2179470,281305,18197,3.0,1633,164.0,8.0,996818,70648,5943,,350.0,36.0,,122664,46113,4833,1.0,2345,234.0,,1329853,9783,744,1.0,38.0
FparExtra_QC_2009161_aid0001,aid0001,2009-06-10,1801177,556357,36136,64,853,95.0,5.0,2324280,191009,14017,140,4.0,,,1267229,282856,20328,38,599,112,28.0,355446,60482,3170,,144,15.0,,136871,57445,6600,23.0,831,74.0,4.0,743326,6357,652,8.0,193,,7908896,709326,33646,3,1993,140.0,,10954175,470314,19331,19.0,9.0,3363771,391534,22124,13.0,1170,76.0,2.0,1198961,79012,5112,1.0,672.0,6.0,2.0,135735,55682,5808,1.0,1322,127.0,5.0,1631925,11264,679,2.0,132.0
FparExtra_QC_2009169_aid0001,aid0001,2009-06-18,3224140,537810,38267,88,840,109.0,3.0,1811653,161466,12606,60,11.0,,,818117,281929,17041,77,94,34,1.0,228362,70669,4247,23.0,47,7.0,,159822,55868,7749,21.0,167,19.0,,429860,5060,685,,16,,14237693,1062837,51858,29,3200,521.0,2.0,7985657,331926,15619,9.0,7.0,1562813,189191,11782,19.0,491,150.0,,215810,24684,1629,,196.0,23.0,,206198,49369,5103,1.0,669,84.0,,1037598,7272,517,,33.0
FparExtra_QC_2009177_aid0001,aid0001,2009-06-26,3069964,566531,37078,112,126,4.0,,2035579,239573,15977,131,,,,816289,353527,19876,16,532,159,5.0,78464,24870,1297,,206,34.0,1.0,110389,40062,4967,12.0,355,87.0,1.0,444629,5531,505,,79,,13374139,999556,48134,10,1185,163.0,1.0,9044145,443387,18844,12.0,10.0,1402010,216700,12845,18.0,450,54.0,3.0,199713,25806,1470,1.0,111.0,11.0,,179541,47724,4445,,337,18.0,,972705,8839,581,,22.0
FparExtra_QC_2009185_aid0001,aid0001,2009-07-04,2509670,534119,35513,118,17,4.0,,2456946,317168,18287,159,1.0,,,720486,232361,17305,16,69,67,2.0,170479,23245,2592,18.0,51,9.0,,167695,66159,7214,4.0,37,15.0,,577518,8661,902,9.0,52,,12511233,852960,42675,44,114,8.0,,8598082,429985,18985,10.0,,2000277,319380,15862,5.0,101,24.0,,635340,54973,2919,1.0,54.0,6.0,,164609,58881,5684,,111,8.0,,1278908,10992,754,2.0,3.0
FparExtra_QC_2009193_aid0001,aid0001,2009-07-12,3720482,696554,43472,194,6,1.0,,1663273,173222,10507,56,,,,513562,242202,17280,11,29,18,,110984,20306,2221,,25,2.0,,116340,54951,6336,16.0,37,4.0,,467341,6833,699,1.0,3,,15034484,1079110,52568,53,57,2.0,,7212646,253025,11284,7.0,15.0,1426929,245810,14130,6.0,64,23.0,1.0,376790,43616,2960,,57.0,16.0,1.0,215729,56655,5480,,46,1.0,,962377,8460,572,1.0,15.0
FparExtra_QC_2009201_aid0001,aid0001,2009-07-20,2311211,378651,29472,117,10,6.0,,2508256,232898,16455,118,2.0,,,872132,351002,24240,24,470,181,14.0,204658,54705,4122,1.0,169,14.0,,86073,59451,7828,4.0,423,76.0,,712121,10844,1159,2.0,59,,12006543,830747,42829,25,14,1.0,,9434508,385551,16744,17.0,1.0,1792777,315215,17552,23.0,199,14.0,2.0,375669,40276,2959,,142.0,18.0,,201626,70719,6332,,244,25.0,,1445408,15926,865,,19.0
FparExtra_QC_2009209_aid0001,aid0001,2009-07-28,1818575,368413,26862,75,51,11.0,,2982838,280542,18657,148,9.0,,,899106,326008,24749,5,857,480,36.0,99861,18069,1326,,294,113.0,6.0,89358,74308,9209,9.0,586,116.0,,812264,12382,1437,11.0,197,,10271054,628302,32588,40,90,6.0,,10572268,496411,22872,11.0,1.0,2160359,376729,21428,7.0,777,133.0,7.0,292951,30001,1871,,416.0,99.0,4.0,219885,80300,7373,3.0,568,98.0,,1770765,14447,1081,,45.0
FparExtra_QC_2009217_aid0001,aid0001,2009-08-05,1953619,420467,29048,11,16,16.0,,2810876,324743,22810,2,,,,854721,270506,16839,293,158,36,1.0,193297,33343,2154,,29,8.0,,93806,70080,8831,,131,8.0,,748070,11499,1527,4.0,19,,12118804,824048,42878,12,12,,,9965538,466709,21078,6.0,,1477054,249869,14083,33.0,183,5.0,,227391,20269,1471,,51.0,4.0,,154553,70619,6549,,76,4.0,,1324420,16123,1147,,1.0
FparExtra_QC_2009225_aid0001,aid0001,2009-08-13,2030717,425467,27855,111,20,2.0,,3056069,418947,23498,163,1.0,,,696255,219447,16831,33,474,45,,93146,35677,2778,20.0,113,16.0,,79173,68537,8898,8.0,288,7.0,,648994,11780,1444,5.0,149,,12340914,839665,41309,7,24,2.0,,8752386,406420,19522,21.0,,2021104,314908,15620,13.0,430,77.0,3.0,274915,30990,2165,,128.0,20.0,1.0,196015,71421,6578,,268,27.0,,1650972,15877,1160,,28.0
FparExtra_QC_2009233_aid0001,aid0001,2009-08-21,3232228,635700,39894,117,9,5.0,,1994998,246571,15737,99,17.0,,,638427,208198,13815,32,74,11,,119795,38379,2623,24.0,28,16.0,,93341,51124,7202,10.0,40,,,518617,8806,1004,,27,,14362634,985270,48789,50,12,5.0,,7303076,332678,13823,16.0,,1724964,266085,13905,15.0,49,9.0,,357846,33552,2288,,11.0,7.0,,268487,64877,6710,,69,,,1203512,13344,902,,5.0
FparExtra_QC_2009241_aid0001,aid0001,2009-08-29,3534552,649939,41385,56,1,1.0,,2217587,313383,20210,104,,,,314083,105456,9212,40,65,5,,72494,12130,863,6.0,57,5.0,,102302,46701,5981,36.0,50,2.0,,410884,8402,959,2.0,15,,9572041,803398,40494,21,2,,,12030912,499631,22063,17.0,1.0,1631828,241957,13618,7.0,45,3.0,,322667,31908,2058,,5.0,2.0,,212313,67413,7004,,24,5.0,,1487225,15072,1255,,1.0
FparExtra_QC_2010153_aid0001,aid0001,2010-06-02,2429319,561093,35442,164,13536,757.0,17.0,1873106,137595,9031,1,136.0,,,1067134,340612,24457,114,1678,145,20.0,321822,44945,3415,12.0,593,28.0,1.0,196177,76193,8038,8.0,3644,225.0,3.0,626689,5390,652,2.0,207,,12600929,909836,42773,44,19016,1300.0,2.0,7582364,237091,9453,,6.0,2365904,406291,21938,12.0,3822,835.0,16.0,1171856,101867,6418,2.0,972.0,76.0,,227023,70292,6990,3.0,3507,288.0,,1288144,8577,561,,16.0
FparExtra_QC_2010161_aid0001,aid0001,2010-06-10,2927030,576864,35572,144,4915,592.0,7.0,1743949,145064,10435,39,91.0,,,888384,277938,21747,67,1165,118,15.0,260698,97881,6523,4.0,221,3.0,,184977,53758,7459,16.0,1075,80.0,,529161,5688,663,5.0,53,,13854882,973692,43508,27,11434,1200.0,3.0,6892383,228994,9053,14.0,6.0,2424472,408849,23805,13.0,7030,1475.0,23.0,367834,42077,3737,,1337.0,78.0,,262448,79345,7247,2.0,2059,198.0,3.0,1431823,8546,571,,56.0
FparExtra_QC_2010169_aid0001,aid0001,2010-06-18,2791017,600174,39677,80,2480,181.0,,2214630,312797,18522,43,20.0,,,658434,173255,11634,72,697,94,2.0,140833,32573,2319,13.0,55,4.0,,209785,64271,7182,21.0,845,81.0,1.0,490780,8933,847,,49,,15532797,1030481,49349,1,7340,427.0,,7181767,364697,15142,9.0,5.0,1261319,205553,12975,19.0,6280,1813.0,15.0,169954,18455,1667,2.0,2195.0,16.0,,207308,68157,6347,3.0,1330,71.0,,930901,11015,765,,49.0
FparExtra_QC_2010177_aid0001,aid0001,2010-06-26,3751519,710571,47105,80,665,40.0,3.0,1529649,146178,9456,23,4.0,,,596113,179781,13554,108,472,34,2.0,73641,13777,1036,3.0,86,4.0,,159528,61701,8088,20.0,488,37.0,,472451,5547,614,1.0,22,,16319369,1156822,56977,30,509,100.0,1.0,5483270,226289,8967,,,1832317,254411,14305,14.0,1280,211.0,7.0,169779,18645,1481,3.0,198.0,47.0,,335078,68739,5766,1.0,456,114.0,,1124883,7664,471,,20.0
FparExtra_QC_2010185_aid0001,aid0001,2010-07-04,2989328,581305,37479,196,48,9.0,1.0,2192280,265824,16232,34,,,,627183,208121,16387,39,123,123,9.0,36584,8230,834,,23,31.0,,152784,72521,7841,5.0,123,15.0,,559911,7950,810,6.0,12,,14245364,1037946,49215,17,292,157.0,22.0,6642896,251083,11712,2.0,,2294527,323531,17287,53.0,462,111.0,4.0,182311,15304,1376,,111.0,7.0,,343512,90348,7350,2.0,138,19.0,,1562357,10144,558,2.0,4.0
FparExtra_QC_2010193_aid0001,aid0001,2010-07-12,2826772,558120,36243,136,75,,,2037629,195361,11021,45,7.0,,,780039,253139,19563,36,316,48,3.0,202936,30512,2596,2.0,91,11.0,,135543,82928,9826,5.0,270,10.0,,588571,9523,988,,36,,15583809,1003076,49594,25,173,11.0,1.0,6137017,273538,10054,8.0,2.0,1780137,305400,16305,9.0,349,46.0,3.0,294522,25551,1731,,141.0,5.0,,245113,86388,7782,2.0,113,13.0,,1253191,13403,705,,7.0
FparExtra_QC_2010201_aid0001,aid0001,2010-07-20,3230157,575940,38757,208,17,3.0,,1823476,185110,12637,21,,,,656899,212847,15196,35,169,103,10.0,73727,14635,1297,,93,35.0,1.0,217590,102181,11492,3.0,356,74.0,,598900,9409,956,1.0,66,,14548866,1011534,50105,14,80,19.0,,6242553,182166,8337,4.0,5.0,2122964,298903,17079,33.0,193,34.0,,302897,22680,1704,,125.0,27.0,,483586,120564,9357,1.0,112,30.0,,1653528,10129,565,,30.0
FparExtra_QC_2010209_aid0001,aid0001,2010-07-28,2400609,473786,32921,52,16,1.0,,2542218,261427,17259,56,3.0,,,752894,274854,18193,115,180,33,,98152,18886,1371,,61,1.0,,153293,79733,9169,16.0,146,12.0,,634626,11079,1159,2.0,78,,14796922,978467,50190,3,40,1.0,,6612146,304312,13559,19.0,,1842010,236638,13300,48.0,412,26.0,,319594,25974,1641,,159.0,11.0,,393986,74862,6815,1.0,314,4.0,,1403952,12061,705,,52.0
FparExtra_QC_2010217_aid0001,aid0001,2010-08-05,2296475,477717,34392,160,7,,,2835701,308343,20804,67,,,,599882,235429,13557,33,218,11,,48934,7366,750,,108,4.0,,184903,79189,8659,10.0,104,11.0,,614226,13502,1776,,63,,14364956,850558,43664,11,6,1.0,,7858173,457225,20795,3.0,1.0,1401106,238514,12957,38.0,131,3.0,,166529,15246,1241,,45.0,9.0,,378196,74665,7190,,46,1.0,,1179795,15897,1221,,1.0
FparExtra_QC_2010225_aid0001,aid0001,2010-08-13,3356573,647523,41932,152,14,4.0,,2223929,260002,16872,82,3.0,,,420792,144273,10898,3,225,40,1.0,49836,13449,662,3.0,53,4.0,,129643,56425,6505,4.0,184,22.0,,392632,8403,1190,6.0,62,,16346601,1016428,51954,27,38,3.0,,5891214,318595,13103,3.0,,1423692,245000,12000,10.0,307,24.0,,192139,16347,923,,102.0,12.0,,341088,76988,6592,3.0,308,6.0,,1121258,12389,1039,,31.0
FparExtra_QC_2010233_aid0001,aid0001,2010-08-21,3980380,759181,48629,204,10,,,1591083,200015,12630,2,1.0,,,423008,126228,9362,16,29,4,,40038,9024,750,13.0,5,2.0,,145346,54809,6398,2.0,14,5.0,,369704,4860,641,,8,,18447730,1226636,62816,57,26,7.0,,4556878,230149,9023,2.0,,993054,143049,8866,5.0,31,1.0,1.0,83519,11667,868,,6.0,,,348101,47708,4498,1.0,19,7.0,,906965,6122,410,,2.0
FparExtra_QC_2010241_aid0001,aid0001,2010-08-29,4466077,745550,50598,173,27,1.0,,1511788,271893,12765,33,,,,191628,61104,5587,33,39,4,,39595,6139,701,20.0,3,1.0,,162596,43851,5548,9.0,11,,,201426,4753,441,4.0,3,,18624551,1175824,59612,35,153,18.0,,4120912,230285,7532,6.0,,1089863,147638,10874,7.0,43,4.0,,128197,17515,1686,,73.0,11.0,,472047,71440,6321,1.0,33,2.0,,915935,7164,437,3.0,2.0
FparExtra_QC_2011153_aid0001,aid0001,2011-06-02,2819373,623981,34961,183,42591,4336.0,82.0,2941603,398884,31245,74,310.0,,,282581,68409,5551,56,8047,725,71.0,56855,6187,625,3.0,817,56.0,2.0,153152,35810,3814,16.0,8843,630.0,13.0,243146,7836,943,6.0,584,,9433636,686219,35599,10,52317,3697.0,74.0,13857391,811636,34210,6.0,18.0,1022910,129914,9993,10.0,28176,3770.0,73.0,237943,20388,2346,,3052.0,137.0,2.0,73140,29669,3580,1.0,7033,463.0,23.0,587972,11756,966,1.0,93.0
FparExtra_QC_2011161_aid0001,aid0001,2011-06-10,1595367,399814,26245,64,19885,1533.0,42.0,3215489,479042,29852,78,153.0,,,869435,234374,14811,56,2789,376,46.0,212740,39442,3125,18.0,353,71.0,,102729,43861,5059,13.0,6365,476.0,1.0,468175,9095,954,3.0,470,,10956484,722522,35877,13,38381,2387.0,20.0,10862319,562300,22848,7.0,6.0,1710661,298992,17671,21.0,21558,3747.0,70.0,665420,84530,5815,,1176.0,27.0,,100760,46101,5299,2.0,6093,497.0,4.0,904345,11519,728,,24.0
FparExtra_QC_2011169_aid0001,aid0001,2011-06-18,2632430,516908,33202,209,8541,610.0,8.0,2097234,270848,18389,44,85.0,,,816258,227243,17544,83,1793,234,14.0,330830,64640,5171,,149,23.0,1.0,207815,57505,6153,10.0,2580,141.0,1.0,457953,6888,720,,144,,14481721,889466,44747,17,19596,1524.0,21.0,6852188,307094,13809,12.0,4.0,1933872,330166,16792,18.0,6368,724.0,3.0,911140,124703,7468,,618.0,39.0,1.0,166939,57485,5828,2.0,3340,243.0,3.0,902421,9168,612,,72.0
FparExtra_QC_2011177_aid0001,aid0001,2011-06-26,3362153,631447,41554,160,3118,324.0,7.0,2057193,211406,16497,79,29.0,,,498864,198279,12160,8,818,106,3.0,113567,21110,1789,,43,4.0,,180320,63364,6606,2.0,793,53.0,,352995,6877,655,,18,,15171135,1010300,50358,24,10640,989.0,10.0,8080917,427399,18364,23.0,3.0,1066847,172153,10505,3.0,4248,936.0,28.0,180709,24060,1972,,255.0,16.0,,129220,37946,4053,1.0,1527,128.0,2.0,675489,7463,494,,7.0
FparExtra_QC_2011185_aid0001,aid0001,2011-07-04,2712660,563845,36520,193,1133,115.0,1.0,2534022,299015,20778,21,,,,576558,190958,13103,17,631,77,3.0,48224,9794,894,1.0,81,2.0,,158185,67647,7430,11.0,715,47.0,,529187,9456,1016,1.0,60,,13178563,960682,46854,21,2159,321.0,2.0,9067628,401450,17741,5.0,7.0,1512854,224732,12916,11.0,2124,357.0,10.0,198792,18545,1646,,276.0,27.0,,205881,59137,5654,2.0,943,70.0,,1156287,11610,825,,92.0
FparExtra_QC_2011193_aid0001,aid0001,2011-07-12,2407177,503983,32682,46,292,28.0,,2110884,245784,15689,81,4.0,,,1009341,250242,18478,90,271,21,,254540,61810,3708,28.0,86,,,184618,65618,8343,8.0,381,18.0,,597931,9046,1133,5.0,35,,14416207,885907,42885,11,522,41.0,,7350421,354489,15149,37.0,13.0,1668402,304315,17609,8.0,211,135.0,9.0,364538,59079,3611,1.0,71.0,14.0,1.0,272659,69425,6726,3.0,285,43.0,,1240440,14085,853,,19.0
FparExtra_QC_2011201_aid0001,aid0001,2011-07-20,2819227,540758,38014,264,316,40.0,,2367204,294201,17333,18,14.0,,,632964,197810,15696,35,536,81,2.0,49794,12084,984,7.0,83,15.0,,139122,61650,7833,3.0,394,70.0,,574754,9920,1089,,86,,15835026,1016006,52826,28,725,115.0,4.0,6305025,272424,11703,6.0,8.0,1618070,270674,13416,4.0,943,141.0,3.0,127639,16724,1075,,118.0,38.0,,243369,63675,6018,,391,129.0,,1219671,11519,702,,9.0
FparExtra_QC_2011209_aid0001,aid0001,2011-07-28,3203001,598564,38381,159,84,2.0,,2291707,293460,20204,129,,,,446516,153127,10600,17,216,22,1.0,85243,19132,1842,,49,2.0,,140888,58999,7211,6.0,119,4.0,,402663,9030,978,,45,,15184491,1025087,51743,42,265,17.0,,7170346,354325,16019,15.0,,1355596,181005,11040,13.0,430,21.0,1.0,244943,18698,1693,,56.0,1.0,,279893,58421,5719,,111,16.0,,1115619,11756,832,,10.0
FparExtra_QC_2011217_aid0001,aid0001,2011-08-05,3073499,533069,39123,45,65,1.0,,1969929,185912,12195,37,11.0,,,682819,289465,17430,135,402,210,1.0,65180,16357,1225,2.0,82,34.0,2.0,173875,81762,9171,14.0,190,57.0,,620026,9023,971,3.0,79,,16403440,1035521,53251,8,106,5.0,,5914952,238750,10580,2.0,,1364156,272053,13346,26.0,359,25.0,,166424,17841,1413,,66.0,11.0,3.0,314134,79753,7094,,161,25.0,,1183118,10808,757,,36.0
FparExtra_QC_2011225_aid0001,aid0001,2011-08-13,3180315,653215,39755,166,53,,,2321318,322343,20373,87,1.0,,,401200,142813,9579,43,439,54,1.0,60514,8582,924,1.0,126,5.0,,124029,54743,6209,5.0,233,34.0,,423832,10147,1216,,46,,15375259,1045682,50217,48,55,5.0,,7214428,384827,16750,9.0,6.0,1140647,174187,10609,13.0,153,12.0,,255293,19088,1815,,82.0,13.0,,264550,61744,6055,1.0,69,4.0,,1052242,13420,933,,8.0
FparExtra_QC_2011233_aid0001,aid0001,2011-08-21,3518248,624880,40034,136,41,,,1974991,236513,17836,28,1.0,,,441979,177813,11294,53,103,26,,95662,26702,1459,,42,10.0,,151128,71857,7310,17.0,143,13.0,,373888,9259,894,2.0,39,,15446849,981652,50183,12,43,,,8105020,483356,21908,4.0,,771245,112744,7101,21.0,53,3.0,,108832,10537,865,,23.0,,,234983,43661,4355,6.0,25,4.0,,693094,10804,838,,3.0
FparExtra_QC_2011241_aid0001,aid0001,2011-08-29,3217436,641005,38724,103,11,,,2754490,362161,25122,73,,,,194406,98324,7811,22,23,5,,19414,6202,711,13.0,12,5.0,,99978,42581,5410,1.0,8,3.0,,258648,8680,1016,2.0,1,,15399980,933101,48357,25,34,3.0,,8020028,515616,21757,10.0,,815298,165137,9758,8.0,28,9.0,,94692,14415,1176,,17.0,2.0,,243004,53241,5227,8.0,15,3.0,,735405,11008,862,,
FparExtra_QC_2012153_aid0001,aid0001,2012-06-01,3112635,646303,46593,52,8237,628.0,5.0,1621098,167665,11307,43,105.0,,,897774,198002,14303,112,1330,157,16.0,263992,40463,2711,3.0,766,44.0,1.0,163985,50401,5980,24.0,3001,153.0,,518973,4902,495,4.0,138,,13439472,1029152,50026,17,5912,522.0,2.0,8886122,344898,13992,4.0,,1458533,211464,15128,16.0,837,181.0,6.0,455103,43740,3043,,694.0,55.0,,159816,46387,5121,1.0,1699,111.0,,906672,8845,585,2.0,66.0
FparExtra_QC_2012161_aid0001,aid0001,2012-06-09,3399752,672445,42870,158,6872,439.0,9.0,1835291,213543,13592,39,40.0,,,564537,161597,13910,22,1829,131,5.0,209560,23548,2447,26.0,263,22.0,,173482,55047,6637,21.0,1724,146.0,1.0,375405,6248,708,,35,,13647678,952212,46858,23,5445,439.0,2.0,8865820,414264,17265,11.0,16.0,1388634,263251,15322,6.0,1457,181.0,11.0,409880,38017,2477,5.0,282.0,14.0,1.0,125218,48198,5564,,1098,92.0,,828967,8865,645,,6.0
FparExtra_QC_2012169_aid0001,aid0001,2012-06-17,2643447,502920,33702,86,2593,174.0,2.0,2558985,313316,19845,22,6.0,,,607520,204694,15156,84,869,81,6.0,67940,13039,1473,15.0,143,12.0,,156074,77341,8699,19.0,1051,88.0,2.0,543390,8554,1023,,30,,13855680,885111,42890,17,2228,192.0,,8534756,433081,17238,1.0,5.0,1505530,248893,16793,27.0,503,129.0,18.0,169464,28724,2582,,79.0,,,183565,69254,7027,,486,40.0,,1073443,9829,635,,4.0
FparExtra_QC_2012177_aid0001,aid0001,2012-06-25,3118968,552660,37458,106,2286,182.0,1.0,2641278,408399,29226,4,32.0,,,313036,95467,6489,45,989,138,6.0,93453,13911,585,58.0,246,4.0,,132511,38390,3640,15.0,1342,138.0,,284367,6233,677,,61,,11649393,709824,37087,25,1126,132.0,,12203016,837028,36656,,,801739,93121,7892,21.0,415,39.0,1.0,61727,7913,699,3.0,57.0,1.0,,83897,26539,3174,3.0,400,22.0,,515801,9735,737,1.0,
FparExtra_QC_2012185_aid0001,aid0001,2012-07-03,2539759,525487,34898,66,263,73.0,1.0,3068433,333095,24703,155,15.0,,,385014,139123,10083,25,281,52,,50453,8038,550,,84,29.0,,126657,66657,7642,4.0,257,21.0,,448586,10661,1213,4.0,19,,11225072,768461,40364,20,520,136.0,1.0,11141368,603534,27353,14.0,3.0,1534117,180841,11458,6.0,280,49.0,,135910,13467,742,,69.0,33.0,,187287,53319,5355,,117,21.0,,1142608,14672,1025,,2.0
FparExtra_QC_2012193_aid0001,aid0001,2012-07-11,1999926,401783,28327,167,108,20.0,,2598939,402283,24009,72,5.0,,,896961,253205,18082,59,999,187,10.0,107067,18819,1427,14.0,221,22.0,,150034,68513,7994,14.0,1120,75.0,5.0,788683,11933,1130,2.0,186,,10179314,709319,34919,28,144,55.0,,10608568,508829,23205,16.0,,2360026,353649,19636,24.0,1323,239.0,17.0,316490,29262,1946,,507.0,134.0,11.0,228309,77457,7145,,1165,272.0,13.0,1609424,15793,827,,158.0
FparExtra_QC_2012201_aid0001,aid0001,2012-07-19,3184236,642873,40205,56,26,1.0,,2000725,192513,12388,203,1.0,,,601349,193533,15822,41,626,52,4.0,72340,15367,1233,4.0,118,18.0,,167923,78087,9408,8.0,495,31.0,,543189,8448,816,1.0,261,,15214867,1041274,52741,16,48,2.0,,6428900,226966,10200,19.0,2.0,1821945,261250,14801,7.0,298,18.0,,346238,30735,1931,,110.0,10.0,,327032,73260,6751,,304,13.0,,1217272,10542,665,,7.0
FparExtra_QC_2012209_aid0001,aid0001,2012-07-27,3008882,544185,38704,96,25,,,2332999,252574,18086,107,,,,552169,213860,13415,41,226,45,3.0,65019,16577,947,3.0,73,4.0,,123737,69750,7492,9.0,183,11.0,,513523,8746,881,10.0,19,,16025608,1055326,53355,4,49,2.0,,6578292,311318,14563,7.0,7.0,1279854,175249,10822,15.0,89,5.0,,245287,15647,1375,,67.0,3.0,,255581,55189,5164,6.0,35,,,994790,9853,659,3.0,
FparExtra_QC_2012217_aid0001,aid0001,2012-08-04,2834207,582756,39768,176,54,20.0,,2276970,225588,14983,50,48.0,,,655135,209994,14688,18,773,103,1.0,198672,39172,2592,5.0,191,16.0,,99097,55032,6316,8.0,832,30.0,,515361,8564,1018,4.0,159,,14577578,1022238,51221,45,103,6.0,,7331030,303152,13542,4.0,3.0,1736003,272836,14511,1.0,1080,28.0,,410054,36411,2162,,614.0,8.0,,174441,54046,5510,2.0,1116,20.0,,1069005,10521,754,2.0,177.0
FparExtra_QC_2012225_aid0001,aid0001,2012-08-12,2781384,632214,42319,115,9,10.0,,2661512,259024,17168,108,,,,451939,167350,11996,17,73,23,1.0,63860,18314,1658,,44,4.0,,83675,59175,6909,7.0,60,25.0,,513481,8932,960,6.0,29,,10667623,910106,47510,18,14,5.0,,11687314,429668,18459,17.0,,1402632,212970,12678,13.0,182,42.0,,260811,25896,1665,,97.0,25.0,,185671,62602,5985,9.0,170,26.0,,1142425,12665,905,3.0,18.0
FparExtra_QC_2012233_aid0001,aid0001,2012-08-20,3021842,609217,42483,185,8,,,2625305,366016,20974,43,,,,351815,99770,7127,53,55,43,,43870,12577,851,,18,3.0,,131763,48729,5640,19.0,31,10.0,,385350,7790,806,1.0,7,,12928230,971370,50883,21,12,4.0,,9912397,452582,19447,3.0,,1134343,146649,9527,10.0,41,5.0,,153225,16368,1143,,20.0,4.0,,219421,46681,4890,,6,4.0,,1009818,10224,888,,8.0
FparExtra_QC_2012241_aid0001,aid0001,2012-08-28,3053143,582182,40100,193,14,1.0,,2457931,353069,20675,43,1.0,,,499826,128506,10091,13,157,16,,67112,12789,995,,24,5.0,,133507,42112,5314,5.0,115,6.0,,367532,6126,743,,55,,13967233,941891,49297,51,25,1.0,,8640903,491170,21011,9.0,,1380572,185995,10227,9.0,168,4.0,,217363,22098,1100,,152.0,25.0,,219464,44630,4477,,100,12.0,,880393,9061,778,,5.0
FparExtra_QC_2013153_aid0001,aid0001,2013-06-02,3247282,703342,41809,160,1431,125.0,,1584163,88983,6056,45,11.0,,,935984,266428,23105,42,790,75,5.0,131932,28739,2170,20.0,87,26.0,,151997,54981,7614,9.0,803,62.0,1.0,499294,4295,465,2.0,68,,12589751,879812,45414,12,5271,390.0,6.0,8257489,233563,9486,4.0,1.0,2652092,474994,24120,30.0,3418,978.0,25.0,582052,79948,4118,,184.0,24.0,2.0,118618,54663,5944,,1271,134.0,,1057081,6767,491,,71.0
FparExtra_QC_2013161_aid0001,aid0001,2013-06-10,2942959,645373,43060,121,710,110.0,,1953061,207022,12771,93,3.0,,,773915,218256,13524,67,545,141,4.0,164158,34410,2512,9.0,73,39.0,7.0,160294,67222,6887,15.0,387,28.0,,527234,6756,598,2.0,35,,12300970,1001168,50629,25,1730,208.0,,9548900,372142,14796,18.0,1.0,1859593,261021,14892,14.0,1826,213.0,,284483,27582,1968,3.0,349.0,32.0,,153611,57243,5729,,580,78.0,,1119409,8447,547,,17.0
FparExtra_QC_2013169_aid0001,aid0001,2013-06-18,2315266,595235,36274,141,477,57.0,,2004980,187922,11722,98,1.0,,,1133373,266642,21046,65,710,91,,271322,32114,2948,,210,14.0,,136422,65162,8037,10.0,695,31.0,,683266,7175,799,,96,,11362223,786821,41579,25,282,24.0,,9937986,373496,16635,14.0,4.0,2175222,374102,19227,6.0,623,33.0,3.0,482718,56188,3397,,141.0,17.0,,126570,65592,6752,5.0,513,57.0,,1244598,12472,876,,23.0
FparExtra_QC_2013177_aid0001,aid0001,2013-06-26,2202449,398853,28382,149,35,3.0,,2099298,194880,13775,53,,,,1173981,433377,26830,29,252,67,12.0,286846,78900,4102,6.0,138,53.0,2.0,126441,58400,6789,10.0,213,57.0,,640520,6788,649,1.0,61,,10345931,785191,39375,29,51,4.0,,10825296,458515,22239,23.0,,2142641,332295,16959,3.0,528,33.0,,597859,50076,2315,,199.0,21.0,,152905,62332,5875,1.0,383,54.0,,1235530,10864,660,,37.0
FparExtra_QC_2013185_aid0001,aid0001,2013-07-04,1959340,394010,23948,138,53,6.0,,2248822,272556,18550,95,2.0,,,1308045,381101,26721,33,684,109,5.0,154257,22336,1545,,199,5.0,,114981,69073,7709,10.0,892,36.0,,767292,8781,922,6.0,139,,8448474,613771,32437,14,103,39.0,1.0,11995875,585550,26933,21.0,8.0,2674857,405532,19054,18.0,1262,205.0,3.0,543899,33638,1604,,532.0,48.0,8.0,118373,58558,6176,1.0,1229,89.0,,1505821,13019,992,3.0,77.0
FparExtra_QC_2013193_aid0001,aid0001,2013-07-12,2783492,502299,34775,223,58,10.0,,1808347,265397,14535,30,3.0,,,980181,287491,19316,32,614,86,2.0,89767,17546,1461,2.0,125,4.0,,131466,85979,9540,21.0,862,56.0,,737772,9939,846,5.0,119,,12138907,905428,46213,25,31,18.0,,8088787,316308,15167,5.0,,2614347,348597,17506,16.0,467,34.0,1.0,330390,26532,1158,,124.0,8.0,,281023,85026,7662,1.0,345,21.0,,1851674,11493,846,,64.0
FparExtra_QC_2013201_aid0001,aid0001,2013-07-20,2909221,528230,34315,183,20,,,1799212,144940,9114,37,4.0,,,910659,324381,23399,26,425,74,1.0,190886,44676,3168,,81,18.0,,115050,85676,10278,1.0,338,89.0,,638263,8613,845,1.0,177,,10823596,816037,42609,13,41,1.0,,9018655,300826,12548,1.0,,2733155,430772,21568,40.0,381,26.0,1.0,835027,69557,3495,1.0,148.0,5.0,,251581,84924,8165,,356,23.0,,1621139,12723,799,,11.0
FparExtra_QC_2013209_aid0001,aid0001,2013-07-28,1782702,415959,27732,89,15,3.0,3.0,2210106,163003,10338,130,5.0,,,1240684,430707,26781,39,331,81,8.0,266792,48092,4443,,89,12.0,,156305,97770,10414,15.0,246,50.0,,880617,7762,907,2.0,169,,9625309,778567,38791,28,68,1.0,,10227698,336388,15478,18.0,,2668577,406556,20898,9.0,215,17.0,,762694,73090,4597,,69.0,2.0,,303807,91131,8233,1.0,111,4.0,,1710948,13919,990,,10.0
FparExtra_QC_2013217_aid0001,aid0001,2013-08-05,2576529,564685,36052,118,56,15.0,,2059598,143960,10195,83,,,,989190,277296,22115,21,493,70,4.0,130024,19896,2166,3.0,122,17.0,,168552,86446,9423,23.0,431,25.0,,676061,7778,892,,62,,11516880,834708,43472,17,55,,,9209522,360438,15916,12.0,,2269057,327189,17937,9.0,442,43.0,,457562,44716,2962,1.0,241.0,21.0,,280188,85810,7739,5.0,363,21.0,,1595543,16176,1147,1.0,31.0
FparExtra_QC_2013225_aid0001,aid0001,2013-08-13,2071882,437055,28060,104,28,4.0,,2568330,371289,21937,73,7.0,,,913560,248866,18121,24,282,164,2.0,218212,31837,2037,2.0,83,51.0,2.0,117428,70419,8385,29.0,258,43.0,,642196,10232,1344,2.0,53,,8053278,646907,35477,31,24,3.0,,13048456,603104,27400,9.0,1.0,2148042,315590,15273,17.0,296,52.0,,355803,33042,1566,,152.0,16.0,,180085,71902,7413,9.0,219,16.0,,1526024,16474,1528,1.0,14.0
FparExtra_QC_2013233_aid0001,aid0001,2013-08-21,2666529,582606,38915,143,12,,,2673605,332068,20658,1,,,,508810,126814,9976,86,82,17,,127546,15856,1430,15.0,11,7.0,,113060,51889,7227,22.0,44,4.0,,493117,10342,1484,2.0,23,,8814097,753587,37479,59,9,,,12093236,565446,25107,3.0,,1968943,230690,14038,5.0,73,20.0,1.0,483529,32853,2493,,23.0,1.0,,270209,69735,7024,,55,14.0,,1699624,18341,1526,,4.0
FparExtra_QC_2013241_aid0001,aid0001,2013-08-29,3202944,648193,43199,98,20,,,2161366,239086,16554,106,5.0,,,539980,141327,10445,28,193,29,,63679,8441,911,5.0,48,11.0,,154186,54129,6936,15.0,151,10.0,,480894,8297,1065,3.0,47,,14002263,964459,48543,42,14,1.0,,8419672,425269,20401,14.0,8.0,1324520,167474,10013,1.0,89,3.0,,123014,10826,1212,1.0,44.0,10.0,,348581,59276,5629,2.0,39,1.0,,1142328,13447,1020,3.0,5.0
FparExtra_QC_2014153_aid0001,aid0001,2014-06-02,3572651,759294,41910,113,4023,276.0,1.0,1272618,120992,7361,129,61.0,,,777184,179187,17754,45,1325,124,5.0,280034,49144,5914,23.0,76,2.0,,213801,56416,6371,16.0,1856,86.0,1.0,409620,3498,300,,190,,14125568,1018690,46319,3,14722,1890.0,24.0,6033184,189086,7551,17.0,9.0,2649356,381038,21942,24.0,5292,860.0,14.0,1065746,110295,6399,,623.0,32.0,,237104,62487,6108,2.0,3308,165.0,,1094819,5095,282,4.0,166.0
FparExtra_QC_2014161_aid0001,aid0001,2014-06-10,3713521,777871,50969,125,1628,201.0,1.0,1285860,102398,7131,13,10.0,,,682209,172438,12867,65,496,145,6.0,254961,43905,2883,119.0,261,16.0,,171819,61334,7253,12.0,1257,85.0,,425998,4052,453,,39,,14904060,1061569,53439,32,5156,495.0,,6679848,216706,7423,3.0,,1880776,317467,17769,7.0,742,182.0,4.0,540198,62408,3967,2.0,189.0,31.0,,208859,65556,6012,1.0,1279,94.0,,1046879,6676,374,,21.0
FparExtra_QC_2014169_aid0001,aid0001,2014-06-18,2906235,595585,36686,133,1002,111.0,3.0,1781286,154153,8702,35,19.0,,,808311,259881,21255,62,805,97,3.0,224845,47163,4125,9.0,206,37.0,,244461,78844,9048,27.0,1016,178.0,1.0,590505,6819,701,8.0,44,,13109379,879965,41691,33,2514,290.0,6.0,6412801,205927,7522,8.0,6.0,2792154,449835,24995,4.0,889,117.0,2.0,1212396,121719,8387,,256.0,20.0,4.0,319898,84159,6887,1.0,1001,127.0,,1396058,8677,456,,40.0
FparExtra_QC_2014177_aid0001,aid0001,2014-06-26,3149164,608511,39322,234,114,21.0,,1900499,183996,11625,1,,,,698939,225877,18143,31,91,17,,125122,24383,2266,7.0,17,9.0,,171004,80298,8756,22.0,86,32.0,,526591,6528,688,,7,,14199717,979833,46026,62,1422,143.0,3.0,6942038,261208,10769,7.0,,2158385,325001,19932,10.0,257,57.0,6.0,440404,48246,3097,,116.0,18.0,,259550,85246,7821,4.0,412,58.0,3.0,1289156,8660,557,,
FparExtra_QC_2014185_aid0001,aid0001,2014-07-04,3677882,682901,45431,250,9,10.0,,1551072,172520,9711,4,15.0,,,571768,190844,14312,37,119,71,,110043,16766,1466,4.0,27,20.0,,196978,79294,8385,10.0,127,61.0,,445252,6289,701,3.0,19,,14470564,978833,48296,42,154,15.0,,7553620,368579,14657,4.0,,1509445,234618,14934,15.0,313,17.0,2.0,388943,32517,2466,,50.0,19.0,,317938,68434,6466,,278,41.0,,1066768,9494,675,,27.0
FparExtra_QC_2014193_aid0001,aid0001,2014-07-12,1981174,437436,31372,74,48,14.0,,2798198,280179,20352,150,5.0,,,802942,263332,19553,23,386,95,,119568,25435,1945,1.0,87,17.0,,146974,87089,8734,24.0,420,36.0,,745069,10524,1068,3.0,74,,10837666,752853,38730,13,66,8.0,,9763005,513040,23299,14.0,4.0,2297264,323735,17342,28.0,500,17.0,,518799,43484,2340,3.0,178.0,10.0,,311262,75266,6796,7.0,399,40.0,,1547594,13382,1041,6.0,33.0
FparExtra_QC_2014201_aid0001,aid0001,2014-07-20,2633893,457639,29341,151,13,,,2326802,308978,20719,83,5.0,,,730368,266949,19718,14,227,19,,102035,13097,1158,,77,3.0,,136749,70365,8359,3.0,134,7.0,,643078,11129,1220,,68,,11765265,798227,41040,25,46,,,9509776,448301,20595,23.0,11.0,2071023,332628,16945,12.0,704,7.0,,316776,30118,1972,,256.0,17.0,,233294,68723,6627,4.0,407,5.0,,1411742,12729,868,,58.0
FparExtra_QC_2014209_aid0001,aid0001,2014-07-28,1604736,326042,23422,206,4,3.0,,3358591,456519,31065,49,5.0,,1.0,650136,238290,16390,9,312,61,,120880,16863,1535,1.0,98,16.0,3.0,101922,63792,7305,3.0,123,2.0,,748210,14216,1544,,47,,8927144,640305,33201,24,13,1.0,,11223332,598399,26901,7.0,,2410844,319293,17307,25.0,214,10.0,,652861,34483,2157,,104.0,2.0,,261287,74274,6797,15.0,188,6.0,,1836921,20726,1361,,22.0
FparExtra_QC_2014217_aid0001,aid0001,2014-08-05,1548780,398369,28842,164,11,2.0,,3326661,386717,24751,65,,,,718065,220565,15050,8,192,108,1.0,192508,22303,1950,8.0,41,13.0,1.0,110878,68859,7999,15.0,185,18.0,,694519,13195,1523,3.0,32,,10722235,772718,42473,35,46,2.0,,10016443,440572,19615,7.0,,2168551,306307,16838,1.0,209,20.0,,517876,40399,2870,4.0,62.0,23.0,1.0,367336,86560,7367,,115,15.0,,1542512,15761,1241,,10.0
FparExtra_QC_2014225_aid0001,aid0001,2014-08-13,2728790,614186,40978,79,5,,,2172572,223951,13696,146,,,,695344,202313,13805,41,101,26,,164768,24475,1828,,31,3.0,,209871,81725,8705,16.0,38,5.0,,575417,8582,868,1.0,35,,14511155,940690,46715,9,9,5.0,,7163205,378610,16890,22.0,,1649525,232217,14372,14.0,121,12.0,,325352,36331,3048,,71.0,16.0,,429944,78781,7108,11.0,76,9.0,,1239766,13323,792,1.0,24.0
FparExtra_QC_2014233_aid0001,aid0001,2014-08-21,3594558,606735,42086,83,2,,,1738632,233031,10914,119,,,,504222,183847,13034,37,31,4,,115001,29741,2133,,7,3.0,,211523,72326,9489,,32,,,407029,6922,850,,10,,14999518,1021748,50960,22,122,16.0,,6268415,242642,9691,14.0,2.0,1853222,254770,16473,16.0,185,21.0,,429403,42991,3818,,129.0,9.0,,464023,87743,7917,,193,11.0,,1323809,9616,724,,1.0
FparExtra_QC_2014241_aid0001,aid0001,2014-08-29,3581415,686416,43148,232,68,1.0,,1603538,155311,8821,36,9.0,,,590033,174898,13009,11,391,94,,93395,29519,2862,,145,8.0,,244180,83015,10235,22.0,405,23.0,,453263,7039,790,,69,,16098957,1069960,51549,36,79,12.0,,5341675,206091,7904,15.0,5.0,1871687,292508,16523,7.0,263,37.0,,314246,32840,2850,,125.0,43.0,2.0,463376,98032,8431,,186,28.0,,1200742,9351,642,,22.0
FparExtra_QC_2015153_aid0001,aid0001,2015-06-02,2562945,572637,36719,169,372,10.0,3.0,2288681,254535,16483,20,2.0,,,847474,238286,17202,26,595,64,7.0,177298,46095,2421,3.0,164,29.0,,112866,53202,6871,24.0,470,70.0,,539222,6584,771,1.0,80,,8599355,747325,37426,20,4209,131.0,,12688287,600723,24734,15.0,5.0,2117390,293063,16338,3.0,11841,507.0,9.0,404434,37497,2553,,145.0,4.0,,113916,51865,5404,,724,44.0,,1317339,11970,914,,34.0
FparExtra_QC_2015161_aid0001,aid0001,2015-06-10,2907389,606411,39848,166,75,3.0,,2240413,234802,11985,35,8.0,,,653575,194388,17332,48,313,120,8.0,152443,33577,2772,,101,7.0,2.0,134924,64050,7481,1.0,450,11.0,,471945,6973,698,,47,,10180663,812127,42283,14,437,19.0,,10933755,485035,17578,9.0,8.0,2166146,303181,19023,15.0,613,71.0,2.0,424293,41956,2756,,66.0,17.0,,137862,60771,6213,2.0,405,40.0,,1442465,9797,567,1.0,34.0
FparExtra_QC_2015169_aid0001,aid0001,2015-06-18,2754024,608010,38630,158,14,3.0,,2295788,212150,14008,38,1.0,,,669169,209432,17020,29,174,50,,262306,40512,3394,14.0,70,26.0,,127110,58280,7237,5.0,121,19.0,,457558,6324,685,,42,,9816768,838447,41261,25,241,9.0,,11780654,462295,18210,6.0,1.0,1956333,296585,17569,11.0,589,77.0,1.0,505633,49314,3714,1.0,251.0,32.0,,115229,59217,5944,,181,5.0,,1108138,10796,601,,86.0
FparExtra_QC_2015177_aid0001,aid0001,2015-06-26,2315822,457038,29912,169,23,4.0,,2862268,364148,23813,36,,,,650511,227666,17871,20,359,120,4.0,124758,24967,2030,,124,28.0,,81159,53801,6904,19.0,227,67.0,,529599,7931,958,3.0,42,,6530641,584123,32034,20,27,3.0,,14920609,655576,29918,5.0,,1904054,326448,17161,16.0,522,62.0,,498927,46330,2321,9.0,153.0,5.0,,95706,58018,5777,2.0,316,28.0,,1365800,12581,1015,,17.0
FparExtra_QC_2015185_aid0001,aid0001,2015-07-04,1220517,329727,21917,109,4,26.0,,3580113,473132,29435,114,3.0,,,810567,250982,20506,25,150,19,4.0,140147,16366,1617,,98,20.0,2.0,81863,58586,7286,17.0,57,20.0,,727163,10516,1251,2.0,40,,5476309,517533,27067,36,9,1.0,,14649522,718044,30653,23.0,1.0,2568642,349076,20371,11.0,292,8.0,,630475,39119,2788,,91.0,4.0,,126558,62595,6451,1.0,144,24.0,,1846565,14662,1133,2.0,14.0
FparExtra_QC_2015193_aid0001,aid0001,2015-07-12,2272762,480344,33116,210,23,2.0,,2532568,342664,18342,48,2.0,,,808434,218118,17369,57,369,67,1.0,217187,31390,2431,4.0,132,,3.0,133124,64168,8084,19.0,313,25.0,,592366,7787,813,1.0,58,,12726352,946384,46821,38,7,1.0,,8744046,335413,13802,4.0,,1862337,276618,16369,6.0,494,27.0,3.0,561073,44725,2730,2.0,140.0,9.0,,198414,66705,6378,,353,6.0,,1226751,11503,682,,31.0
FparExtra_QC_2015201_aid0001,aid0001,2015-07-20,2492023,520505,33023,64,9,4.0,,2218542,219756,14936,91,,,,943832,328399,21794,91,115,37,,147112,17863,1969,6.0,36,,,142349,73462,7749,11.0,141,29.0,,589465,8085,865,1.0,37,,12034760,913523,46352,25,5,1.0,,9454459,386790,16890,29.0,,1877082,257227,14796,7.0,112,32.0,2.0,362411,29394,2117,,64.0,32.0,1.0,275903,76880,6493,,79,11.0,,1318497,13452,797,,1.0
FparExtra_QC_2015209_aid0001,aid0001,2015-07-28,3124275,577548,40434,175,6,,,2257639,280410,15865,56,2.0,,,525265,179693,12564,10,45,25,,126397,21293,1641,3.0,13,23.0,,125482,68052,7419,8.0,39,1.0,,409037,8100,862,3.0,16,,14154187,1037241,53128,25,6,,,8926104,383452,15815,30.0,2.0,1057705,145413,9789,9.0,90,14.0,,181305,19522,1802,,26.0,11.0,,187166,49698,4591,,12,,,850861,9528,690,1.0,1.0
FparExtra_QC_2015217_aid0001,aid0001,2015-08-05,2050469,445960,33030,181,14,11.0,,2547913,258603,15600,40,2.0,,,984780,345523,20708,36,318,181,1.0,121547,21519,1822,3.0,31,23.0,,137695,76931,8772,10.0,177,50.0,,700575,8996,848,,32,,11920363,880106,44835,30,1,,,9521422,409713,17198,29.0,,1873440,266804,14926,7.0,82,5.0,,339265,25870,2112,1.0,29.0,,,312792,73424,6323,,59,1.0,,1365953,12562,854,,18.0
FparExtra_QC_2015225_aid0001,aid0001,2015-08-13,1448554,353405,22492,135,19,,,3821671,534666,29524,109,,,,602993,205101,16458,35,322,32,,71391,12677,1875,1.0,25,5.0,,46606,51454,7077,6.0,219,11.0,,540279,13464,1738,1.0,56,,7819230,630290,33224,25,23,,,14572629,717006,30670,12.0,,1344881,231985,14469,8.0,159,5.0,,187870,21736,1898,,62.0,3.0,,121284,58201,6331,,82,2.0,,1277456,17294,1374,,15.0
FparExtra_QC_2015233_aid0001,aid0001,2015-08-21,2290733,533657,34320,120,8,1.0,,3083950,347921,22036,47,,,,556426,212948,13730,40,66,26,1.0,75811,12900,1022,19.0,8,17.0,,83111,57087,6414,5.0,70,31.0,,440628,8247,955,,46,,7826909,753521,38599,41,11,,,15411977,726283,29035,15.0,,942679,147354,10586,10.0,35,1.0,1.0,116290,12316,1315,3.0,17.0,7.0,,129761,43707,4922,,4,1.0,,878765,12797,1259,,3.0
FparExtra_QC_2015241_aid0001,aid0001,2015-08-29,1363658,364244,23897,92,186,11.0,,3548947,520366,30737,63,5.0,,,779959,182309,13622,78,2222,153,13.0,130345,18471,1727,,373,31.0,1.0,95945,45899,6642,23.0,632,19.0,,636601,12965,1866,6.0,293,,6793262,533223,27558,19,8,,,15154651,822351,34463,15.0,,1475665,216436,13641,8.0,135,13.0,1.0,335845,26223,2850,,42.0,2.0,,176253,58504,6245,4.0,39,8.0,,1388677,20410,1672,,1.0
FparExtra_QC_2016153_aid0001,aid0001,2016-06-01,3666515,693323,46784,175,509,19.0,,1584387,150147,8900,25,11.0,,,543591,185007,13561,12,436,21,,154852,47314,3301,3.0,107,2.0,,185933,62582,7237,9.0,305,49.0,,422384,4458,391,,51,,13418839,1095736,53786,20,6232,462.0,,9165323,354555,13554,,,1400296,214965,13084,22.0,9514,1886.0,13.0,261376,32481,2390,1.0,62.0,10.0,,170981,49365,4994,2.0,998,74.0,,810299,6368,474,,62.0
FparExtra_QC_2016161_aid0001,aid0001,2016-06-09,3414895,665486,44560,98,140,34.0,,1731291,178018,11517,92,,,,665325,199142,13873,110,307,77,,157211,38672,2682,1.0,84,17.0,,148871,57924,6370,18.0,364,32.0,,439184,5251,622,1.0,132,,11518032,886486,43128,25,1015,153.0,3.0,10813222,511365,19099,16.0,,1449437,241879,14904,9.0,570,94.0,,302014,39747,2795,,76.0,8.0,,128120,49529,5469,1.0,416,41.0,,1049532,10277,750,,12.0
FparExtra_QC_2016169_aid0001,aid0001,2016-06-17,3495925,734344,47145,137,154,23.0,,1710271,185687,10645,28,,,,611285,149457,13175,36,148,28,1.0,133255,15079,1272,15.0,29,10.0,,171806,62312,7018,7.0,119,10.0,,426505,5909,546,,20,,13721006,1053661,51289,35,696,81.0,,9005936,358534,13484,12.0,5.0,1314471,222486,13735,5.0,643,329.0,,177053,16177,1162,,23.0,,,141273,53345,5867,1.0,119,32.0,,928112,8171,480,,1.0
FparExtra_QC_2016177_aid0001,aid0001,2016-06-25,3046797,621265,41967,141,13,1.0,,2078798,250022,12937,82,,,,689425,218981,14768,29,124,27,3.0,95919,10578,1038,1.0,29,34.0,1.0,144693,69359,8004,22.0,111,8.0,,470548,5920,735,3.0,18,,12556836,1032611,49724,31,54,5.0,3.0,9444547,331352,13375,16.0,,1593367,240201,14889,2.0,155,11.0,,267467,22175,1577,,108.0,10.0,,200460,64461,6315,1.0,48,15.0,,1238467,9296,632,2.0,11.0
FparExtra_QC_2016185_aid0001,aid0001,2016-07-03,2422868,548701,31914,109,16,,,1862675,152632,9047,57,,,,1222769,325037,24848,64,85,68,,201662,28709,2874,4.0,18,3.0,,189459,98503,10284,20.0,155,36.0,,643399,5759,610,1.0,15,,13320449,920306,43003,42,32,3.0,,7794342,263166,9921,3.0,,2160896,389440,21586,7.0,157,7.0,,559427,59319,4182,,86.0,6.0,,222720,89659,7649,1.0,166,5.0,,1210164,10877,596,1.0,6.0
FparExtra_QC_2016193_aid0001,aid0001,2016-07-11,2921312,557223,39759,75,18,20.0,,1897646,217819,12137,91,6.0,,,881535,247039,16261,73,285,51,5.0,101225,17764,1489,,81,43.0,,163479,86705,10217,14.0,206,21.0,,600609,8293,837,1.0,62,,14855597,1003524,49160,27,12,3.0,,7202547,257066,11023,20.0,,1668215,275510,16093,11.0,145,12.0,3.0,240942,23478,1664,,59.0,17.0,,317039,94039,8270,3.0,90,9.0,,1052887,10117,638,,4.0
FparExtra_QC_2016201_aid0001,aid0001,2016-07-19,3068309,608450,38145,181,25,1.0,,2136799,255238,16673,52,6.0,,,630421,186178,12562,28,208,11,,113227,20196,1659,,38,7.0,,160961,75503,8923,10.0,233,13.0,,438142,9032,1138,5.0,27,,14844919,1023596,49618,26,21,2.0,,7467963,346408,14269,8.0,,1400647,219666,12204,6.0,192,11.0,1.0,271808,24322,1668,,36.0,12.0,,269246,77526,6876,1.0,88,16.0,2.0,1041490,14546,1027,,3.0
FparExtra_QC_2016209_aid0001,aid0001,2016-07-27,2788323,583084,37889,173,19,9.0,,1815251,177663,10711,49,,,,1010740,299005,19760,50,419,41,2.0,75815,15233,1284,,113,6.0,1.0,136868,83680,10121,16.0,375,20.0,,707300,7516,778,1.0,86,,11667743,894885,45684,13,49,5.0,,9381524,315251,13773,1.0,,2151850,336039,17382,40.0,654,72.0,,247954,22807,1654,,219.0,52.0,,286714,89676,8169,1.0,872,57.0,1.0,1590622,13561,870,1.0,29.0
FparExtra_QC_2016217_aid0001,aid0001,2016-08-04,2716056,520079,32583,114,12,,,2068912,190202,13585,77,,,,874302,274192,19811,54,404,13,5.0,83466,21635,1815,,72,4.0,1.0,194003,99589,11127,6.0,316,20.0,1.0,650153,8595,1097,5.0,95,,12676361,885397,43367,10,27,1.0,,8284165,319659,14950,13.0,4.0,2127507,340466,18091,28.0,256,8.0,,230576,19346,1610,,78.0,1.0,,410919,100987,8588,,184,9.0,,1589613,14936,1038,,29.0
FparExtra_QC_2016225_aid0001,aid0001,2016-08-12,2676443,559663,32885,174,30,9.0,,1541350,118396,7477,31,1.0,,,1296628,346029,25905,25,903,49,7.0,133725,28313,2379,,175,15.0,,174777,100253,11344,11.0,821,20.0,,718294,5460,648,,161,,12409184,886280,42845,18,78,6.0,,7359055,218574,9071,1.0,2.0,3132914,452721,25018,37.0,1145,168.0,14.0,489637,45123,3097,,187.0,87.0,1.0,360603,98941,8360,1.0,864,136.0,,1534834,8587,601,,34.0
FparExtra_QC_2016233_aid0001,aid0001,2016-08-20,3557811,668900,42895,152,9,1.0,,1762195,249835,13836,39,2.0,,,586520,145543,11379,20,94,15,,80420,13355,1616,12.0,35,2.0,,158811,65577,9032,1.0,41,,,406147,6995,1043,4.0,64,,13420572,1032749,52026,14,32,,,8082880,283357,11946,14.0,,1772747,231298,13871,33.0,148,5.0,1.0,300957,25085,1995,1.0,80.0,10.0,,349720,79453,7502,1.0,53,5.0,,1410346,10526,762,,35.0
FparExtra_QC_2016241_aid0001,aid0001,2016-08-28,3199986,664351,43123,148,7,,,2099640,287486,13601,33,13.0,,,543531,143204,11029,103,243,93,,61104,10988,831,2.0,39,1.0,,176966,64617,7893,8.0,112,34.0,,445861,6532,744,,78,,10926824,907226,44393,24,16,3.0,,9745269,427465,16796,36.0,,2131961,243260,14937,11.0,191,9.0,1.0,209544,17458,1711,,75.0,,1.0,374801,78135,7237,,82,6.0,,1925515,13960,1224,,53.0
FparExtra_QC_2017153_aid0001,aid0001,2017-06-02,3886738,817631,49902,139,2622,366.0,17.0,1350517,140207,10389,58,31.0,,,555607,153636,12269,37,1448,78,2.0,133068,24457,1773,7.0,158,4.0,,198202,54930,5591,24.0,1033,56.0,2.0,377399,3535,328,2.0,138,,10018751,893426,43413,11,10212,954.0,19.0,11934742,517370,21763,51.0,19.0,1754549,239941,14327,9.0,15477,4237.0,50.0,407062,36122,2469,1.0,788.0,15.0,,155915,48039,5021,,1681,162.0,3.0,953463,7563,498,,101.0
FparExtra_QC_2017161_aid0001,aid0001,2017-06-10,2560733,590409,37427,56,2607,268.0,,1870193,243617,12812,160,40.0,,,1111055,230134,19383,52,830,143,2.0,261556,31162,2035,,167,23.0,,153563,61385,7616,,1054,125.0,2.0,577670,5293,712,1.0,116,,10956804,848106,40575,10,10522,550.0,9.0,10336703,398977,15987,30.0,3.0,2114718,372925,20884,10.0,3479,1112.0,29.0,442217,42369,2823,,745.0,56.0,1.0,179052,68840,6683,,1804,213.0,,1212110,9150,667,1.0,60.0
FparExtra_QC_2017169_aid0001,aid0001,2017-06-18,2992907,549729,36490,208,180,17.0,,1480536,75599,4575,23,4.0,,,1085291,386956,27640,18,434,76,15.0,244316,46801,4415,6.0,54,30.0,3.0,168428,81544,7576,12.0,332,61.0,,583534,4231,304,2.0,54,,11923824,974077,45845,27,2025,281.0,2.0,9031471,241810,9683,28.0,2.0,2341306,420547,20941,9.0,3634,1020.0,15.0,543953,78770,5109,,283.0,19.0,1.0,189803,63297,5558,1.0,877,124.0,3.0,1177213,6232,343,,91.0
FparExtra_QC_2017177_aid0001,aid0001,2017-06-26,2961234,563066,35087,174,31,8.0,,1755762,140009,7743,40,11.0,,4.0,893343,342025,24040,33,199,62,2.0,210556,44422,3565,7.0,46,5.0,,149081,81599,8871,2.0,178,4.0,,554815,5843,509,,25,,12242423,931723,43363,25,1474,118.0,,9509436,366198,15105,8.0,4.0,1828378,317443,19116,7.0,1416,448.0,11.0,381280,45157,3246,,115.0,1.0,,165567,62380,6315,2.0,221,35.0,,1137330,9291,580,,8.0
FparExtra_QC_2017185_aid0001,aid0001,2017-07-04,3025908,638953,40527,121,33,1.0,,1923612,170755,12793,101,1.0,,,769575,241928,16944,26,112,57,1.0,88695,15561,1124,8.0,43,20.0,,175342,89783,8837,10.0,129,21.0,,554368,6330,647,,35,,12273419,956510,46782,14,143,14.0,,10020294,430098,18968,32.0,2.0,1600006,246423,12749,11.0,489,175.0,,178319,17099,1376,,119.0,16.0,,197327,66392,5939,1.0,190,31.0,,1004391,10109,777,,9.0
FparExtra_QC_2017193_aid0001,aid0001,2017-07-12,2654939,540333,37268,133,48,21.0,,2150417,280282,17156,135,8.0,,,941436,273035,16555,17,342,110,3.0,39198,10469,694,4.0,114,7.0,,96913,66497,8180,4.0,321,35.0,,638840,8053,792,,42,,11920003,913449,46300,28,122,18.0,,9447489,342124,16743,30.0,6.0,2131980,321742,15459,,348,42.0,2.0,157951,16422,842,,104.0,13.0,,198206,78969,6844,,175,14.0,,1461199,10819,746,,35.0
FparExtra_QC_2017201_aid0001,aid0001,2017-07-20,2506256,497484,34232,196,9,,,2559225,333425,20785,19,1.0,,,695744,234583,15147,47,294,20,,192647,38417,2781,1.0,55,4.0,,90949,56003,7071,12.0,178,11.0,,486073,9668,1013,,51,,11489639,855244,43125,57,31,2.0,,10140344,479746,20076,,1.0,1767995,251780,14136,6.0,128,6.0,2.0,457641,44119,2555,,87.0,,,195277,64341,6211,,98,5.0,,1239769,14817,915,,71.0
FparExtra_QC_2017209_aid0001,aid0001,2017-07-28,3219073,656751,44024,112,9,5.0,,2278815,242392,12922,80,,,,482794,153835,12675,58,271,67,1.0,67630,13439,1527,,50,11.0,1.0,103123,60195,7470,2.0,144,19.0,,417254,6881,735,,36,,10692805,879494,44425,28,13,1.0,,10880640,407870,18831,14.0,1.0,1834453,267470,15191,23.0,213,6.0,,296408,24912,1812,2.0,40.0,1.0,1.0,243966,74574,6629,1.0,94,14.0,,1385655,11767,865,,5.0
FparExtra_QC_2017217_aid0001,aid0001,2017-08-05,1428100,410967,28769,52,30,1.0,,3307299,355529,19631,99,5.0,,,885150,292450,21372,56,148,66,5.0,119068,25957,2138,,50,9.0,,79606,62953,7845,23.0,152,26.0,,723879,9713,1223,8.0,22,,6857573,614495,31107,10,49,3.0,,12764380,486345,20093,20.0,2.0,3013811,467927,23707,7.0,564,103.0,1.0,386929,45761,2824,,236.0,32.0,,218392,91760,8410,1.0,416,39.0,,2035149,16756,1269,3.0,50.0
FparExtra_QC_2017225_aid0001,aid0001,2017-08-13,2157367,415263,26620,74,16,,,2913026,445868,24382,119,,,,684947,214820,15520,46,92,42,,98356,23050,2418,13.0,42,17.0,,112785,70119,8617,22.0,64,17.0,,556198,11085,1353,3.0,40,,10110357,653124,32997,13,10,,,11828130,720117,28898,24.0,2.0,1543369,242540,13919,13.0,103,7.0,,270751,31607,3332,4.0,83.0,2.0,,216198,66527,6680,5.0,103,9.0,,1305414,12741,1127,3.0,15.0
FparExtra_QC_2017233_aid0001,aid0001,2017-08-21,2121543,420032,30724,142,21,25.0,,3261321,464148,25344,103,21.0,,,514895,171858,12440,16,157,73,2.0,52892,14014,1361,1.0,40,32.0,3.0,93958,63258,7777,12.0,159,7.0,1.0,513738,10991,1230,1.0,61,,10983748,879466,43677,14,13,5.0,,10882770,488433,21605,36.0,3.0,1677165,247243,13885,7.0,233,106.0,2.0,245466,31780,1924,,758.0,156.0,5.0,249794,58059,5748,4.0,98,26.0,,1241978,13084,893,1.0,39.0
FparExtra_QC_2017241_aid0001,aid0001,2017-08-29,1886645,552158,33467,175,2,,,3657093,400221,26031,70,,,,449480,126843,10229,11,47,18,5.0,52464,10264,1064,9.0,15,2.0,,73505,48919,6344,14.0,28,,,436422,9520,1310,5.0,21,,5741862,532998,27621,13,5,,,17335724,922982,38317,14.0,,1013465,166317,11658,17.0,20,3.0,,137645,16195,1338,,9.0,2.0,,108692,46730,5533,6.0,30,5.0,,962799,16702,1513,5.0,4.0
FparExtra_QC_2018153_aid0001,aid0001,2018-06-02,3193323,682229,42224,52,1786,100.0,1.0,1990908,202292,12882,94,14.0,,4.0,593559,186542,12607,127,682,88,6.0,257652,67491,4819,4.0,99,30.0,,120811,45913,6268,16.0,585,41.0,,353808,4662,626,6.0,50,,11068952,899803,43608,4,5491,659.0,,11912976,550286,22077,21.0,12.0,1126310,203398,12671,15.0,5621,1124.0,,369761,40036,3223,,260.0,66.0,,85228,39773,4501,1.0,1093,134.0,,681454,8882,716,,68.0
FparExtra_QC_2018161_aid0001,aid0001,2018-06-10,3503777,745664,44418,98,1804,133.0,3.0,1691695,147326,13747,88,3.0,,,625725,166507,13189,64,618,184,3.0,180261,32718,2209,,219,48.0,1.0,144563,55694,7250,15.0,818,34.0,,397496,5222,732,1.0,74,,11013040,856475,43139,18,3420,226.0,3.0,10785301,434592,19474,19.0,8.0,1829886,303693,15722,12.0,1420,301.0,12.0,467150,62149,3220,,1008.0,117.0,,133459,56207,5336,1.0,822,78.0,,1041209,9987,687,,33.0
FparExtra_QC_2018169_aid0001,aid0001,2018-06-18,2796413,666125,38989,87,61,9.0,,1900408,163317,9495,125,4.0,,,884469,218704,18815,41,228,15,1.0,174667,43908,3866,3.0,49,2.0,,168184,79216,8731,6.0,342,15.0,,598424,6969,667,2.0,44,,10625426,767069,36764,20,361,42.0,,9209886,302985,12615,23.0,9.0,2868103,459688,25004,6.0,734,35.0,,765247,116501,6743,,198.0,26.0,,200446,84712,7655,,378,32.0,,1584546,12288,664,,18.0
FparExtra_QC_2018177_aid0001,aid0001,2018-06-26,3114442,636360,38068,86,43,,,1864277,224736,13723,185,,,,773194,203663,16987,66,172,177,4.0,189630,30100,2523,,86,20.0,4.0,124863,66806,8601,5.0,161,77.0,,464848,7616,741,,137,,12991824,933915,45326,28,144,28.0,1.0,9545620,375329,16393,23.0,,1494768,257831,15303,11.0,142,16.0,,183048,37200,2874,,93.0,9.0,,165145,65976,6243,,115,12.0,,940019,10026,708,,54.0
FparExtra_QC_2018185_aid0001,aid0001,2018-07-04,3494007,713067,45617,93,58,6.0,,1743746,191671,13491,108,1.0,,,639833,165630,13039,38,343,19,,43131,7956,824,35.0,114,14.0,,111593,53068,6777,6.0,393,40.0,,530851,6035,708,,89,,10465280,871521,40917,13,99,12.0,,10859527,429655,20856,21.0,,2026272,287912,16617,4.0,260,23.0,,195831,15076,1140,2.0,82.0,25.0,,152188,68701,6397,1.0,215,29.0,,1617248,11509,773,,18.0
FparExtra_QC_2018193_aid0001,aid0001,2018-07-12,3009554,612966,37430,151,34,1.0,,2175320,221905,15974,87,5.0,,,647321,202351,16021,10,325,61,,121875,21138,1939,1.0,68,42.0,,99543,67576,7946,12.0,388,31.0,,513231,8012,963,,120,,11431452,932985,44715,15,40,1.0,,10190454,369093,17505,12.0,,1891853,271244,14734,34.0,290,21.0,,328572,35818,2107,,125.0,11.0,,203927,69943,6492,2.0,163,4.0,,1263262,12588,760,,2.0
FparExtra_QC_2018201_aid0001,aid0001,2018-07-20,2599805,527826,37623,153,30,1.0,,2421367,248404,16908,89,4.0,,,789149,250663,17351,10,321,119,5.0,120955,22944,1553,,210,22.0,,84843,59466,7407,5.0,326,37.0,,566566,7406,779,2.0,52,,9998999,789637,41830,9,41,6.0,,11571743,441830,20706,9.0,1.0,1963776,318443,16859,19.0,496,20.0,2.0,351086,28570,1672,,174.0,15.0,,166872,63991,6129,1.0,318,11.0,,1292805,11402,741,,11.0
FparExtra_QC_2018209_aid0001,aid0001,2018-07-28,1657533,397251,28707,84,56,1.0,,3144323,325292,21673,123,3.0,,,838688,323882,18951,31,573,104,5.0,138313,34640,2211,,191,11.0,7.0,83801,71919,7637,29.0,828,45.0,2.0,673822,10557,1019,6.0,83,,5550423,600172,32333,12,47,1.0,,16211361,682549,31133,26.0,1.0,1716596,294597,15369,33.0,466,78.0,,313867,33119,1886,,163.0,44.0,,123737,69100,5886,4.0,394,34.0,,1387680,16005,1058,4.0,46.0
FparExtra_QC_2018217_aid0001,aid0001,2018-08-05,1290614,349317,24003,81,46,4.0,,3933549,503155,30855,138,2.0,,,659047,180441,13525,11,666,59,,63334,13183,1408,,109,10.0,,68519,60203,8329,22.0,560,21.0,,567545,12027,1494,7.0,117,,6139354,519444,26479,8,41,28.0,,16270935,835110,38545,29.0,14.0,1483215,215464,12377,1.0,276,89.0,1.0,215440,16256,1390,,72.0,28.0,,153872,63149,6472,2.0,227,45.0,,1073378,15213,1230,1.0,39.0
FparExtra_QC_2018225_aid0001,aid0001,2018-08-13,628227,237255,15231,63,19,3.0,,4590748,563488,35658,105,9.0,,,571470,241723,18608,47,374,74,5.0,130532,21496,2479,,118,9.0,1.0,30680,55976,7625,17.0,254,28.0,,613824,14423,1742,13.0,77,,3520169,392294,20718,4,22,5.0,,18154484,951603,41368,24.0,,1712019,272788,16580,26.0,236,18.0,,387410,32181,2493,,66.0,4.0,,64114,51109,5845,1.0,209,13.0,,1442320,18558,1531,1.0,11.0
FparExtra_QC_2018233_aid0001,aid0001,2018-08-21,1609982,391774,23839,72,9,7.0,,4099075,530651,34454,180,,,,373499,136942,11069,10,93,15,3.0,26150,8461,1405,,20,6.0,,56434,50231,7044,6.0,72,5.0,,407515,11799,1564,6.0,9,,6676262,491757,24828,7,15,2.0,,16079186,930206,42332,35.0,,1154939,182118,12024,1.0,76,12.0,,132280,10952,1489,,60.0,4.0,1.0,149796,52003,5966,1.0,69,11.0,,1125208,15129,1442,,13.0
FparExtra_QC_2018241_aid0001,aid0001,2018-08-29,2807767,513755,33218,44,37,9.0,,2022476,286804,13223,150,4.0,,,863578,238498,17748,36,523,158,3.0,133773,39921,3249,4.0,102,16.0,,132865,79477,10635,3.0,508,43.0,,575222,7603,887,3.0,59,,12462267,897059,43023,3,36,4.0,,8132500,342088,14172,40.0,7.0,2338004,341506,17814,2.0,266,26.0,2.0,503782,48864,3746,,72.0,10.0,,332465,91342,8454,,110,8.0,,1498064,11615,856,1.0,16.0
