File Name,Dataset,aid,Date,Count,Minimum,Maximum,Range,Mean,Standard Deviation,Variance,Upper Quartile,Upper 1.5 IQR,Median,Lower 1.5 IQR,Lower Quartile
MYD15A2H_006_LaiStdDev_500m_doy2002185_aid0001,LaiStdDev_500m,aid0001,2002-07-04,33267858.0,0.0,2.2,"(0.0,2.2)",0.3235,0.358,0.1282,0.3,0.6,0.2,0.0,0.1
MYD15A2H_006_LaiStdDev_500m_doy2002193_aid0001,LaiStdDev_500m,aid0001,2002-07-12,32630400.0,0.0,2.3,"(0.0,2.3000000000000003)",0.3153,0.3458,0.1196,0.3,0.6,0.2,0.0,0.1
MYD15A2H_006_LaiStdDev_500m_doy2002201_aid0001,LaiStdDev_500m,aid0001,2002-07-20,32309805.0,0.0,2.3,"(0.0,2.3000000000000003)",0.3058,0.3436,0.1181,0.3,0.6,0.2,0.0,0.1
MYD15A2H_006_LaiStdDev_500m_doy2002209_aid0001,LaiStdDev_500m,aid0001,2002-07-28,22036301.0,0.0,2.2,"(0.0,2.2)",0.2288,0.2892,0.0836,0.2,0.3,0.1,0.0,0.1
MYD15A2H_006_LaiStdDev_500m_doy2002217_aid0001,LaiStdDev_500m,aid0001,2002-08-05,33051674.0,0.0,2.4,"(0.0,2.4000000000000004)",0.3153,0.365,0.1332,0.3,0.6,0.2,0.0,0.1
MYD15A2H_006_LaiStdDev_500m_doy2002225_aid0001,LaiStdDev_500m,aid0001,2002-08-13,33233510.0,0.0,2.3,"(0.0,2.3000000000000003)",0.3098,0.354,0.1253,0.3,0.6,0.2,0.0,0.1
MYD15A2H_006_LaiStdDev_500m_doy2002233_aid0001,LaiStdDev_500m,aid0001,2002-08-21,33504068.0,0.0,2.4,"(0.0,2.4000000000000004)",0.3096,0.3651,0.1333,0.3,0.6,0.2,0.0,0.1
MYD15A2H_006_LaiStdDev_500m_doy2002241_aid0001,LaiStdDev_500m,aid0001,2002-08-29,34076033.0,0.0,2.3,"(0.0,2.3000000000000003)",0.3174,0.3867,0.1496,0.3,0.6,0.2,0.0,0.1
MYD15A2H_006_LaiStdDev_500m_doy2003153_aid0001,LaiStdDev_500m,aid0001,2003-06-02,31923128.0,0.0,2.3,"(0.0,2.3000000000000003)",0.2785,0.3229,0.1042,0.3,0.6,0.2,0.0,0.1
MYD15A2H_006_LaiStdDev_500m_doy2003161_aid0001,LaiStdDev_500m,aid0001,2003-06-10,30741081.0,0.0,2.2,"(0.0,2.2)",0.2667,0.309,0.0955,0.3,0.6,0.2,0.0,0.1
MYD15A2H_006_LaiStdDev_500m_doy2003169_aid0001,LaiStdDev_500m,aid0001,2003-06-18,33332835.0,0.0,2.2,"(0.0,2.2)",0.3242,0.353,0.1246,0.3,0.6,0.2,0.0,0.1
MYD15A2H_006_LaiStdDev_500m_doy2003177_aid0001,LaiStdDev_500m,aid0001,2003-06-26,32519459.0,0.0,2.3,"(0.0,2.3000000000000003)",0.3146,0.3438,0.1182,0.3,0.6,0.2,0.0,0.1
MYD15A2H_006_LaiStdDev_500m_doy2003185_aid0001,LaiStdDev_500m,aid0001,2003-07-04,32024412.0,0.0,2.4,"(0.0,2.4000000000000004)",0.3048,0.3347,0.112,0.3,0.6,0.2,0.0,0.1
MYD15A2H_006_LaiStdDev_500m_doy2003193_aid0001,LaiStdDev_500m,aid0001,2003-07-12,32980500.0,0.0,2.4,"(0.0,2.4000000000000004)",0.3271,0.3489,0.1217,0.3,0.6,0.2,0.0,0.1
MYD15A2H_006_LaiStdDev_500m_doy2003201_aid0001,LaiStdDev_500m,aid0001,2003-07-20,32376013.0,0.0,2.3,"(0.0,2.3000000000000003)",0.3161,0.3445,0.1187,0.3,0.6,0.2,0.0,0.1
MYD15A2H_006_LaiStdDev_500m_doy2003209_aid0001,LaiStdDev_500m,aid0001,2003-07-28,31897102.0,0.0,2.3,"(0.0,2.3000000000000003)",0.2969,0.3312,0.1097,0.3,0.6,0.2,0.0,0.1
MYD15A2H_006_LaiStdDev_500m_doy2003217_aid0001,LaiStdDev_500m,aid0001,2003-08-05,31548666.0,0.0,2.3,"(0.0,2.3000000000000003)",0.2821,0.3169,0.1004,0.3,0.6,0.2,0.0,0.1
MYD15A2H_006_LaiStdDev_500m_doy2003225_aid0001,LaiStdDev_500m,aid0001,2003-08-13,33851256.0,0.0,2.3,"(0.0,2.3000000000000003)",0.3297,0.3677,0.1352,0.3,0.6,0.2,0.0,0.1
MYD15A2H_006_LaiStdDev_500m_doy2003233_aid0001,LaiStdDev_500m,aid0001,2003-08-21,34210026.0,0.0,2.3,"(0.0,2.3000000000000003)",0.3332,0.3818,0.1457,0.3,0.6,0.2,0.0,0.1
MYD15A2H_006_LaiStdDev_500m_doy2003241_aid0001,LaiStdDev_500m,aid0001,2003-08-29,33092689.0,0.0,2.4,"(0.0,2.4000000000000004)",0.2822,0.3552,0.1262,0.3,0.6,0.1,0.0,0.1
MYD15A2H_006_LaiStdDev_500m_doy2004153_aid0001,LaiStdDev_500m,aid0001,2004-06-01,32507549.0,0.0,2.2,"(0.0,2.2)",0.2776,0.319,0.1018,0.3,0.6,0.2,0.0,0.1
MYD15A2H_006_LaiStdDev_500m_doy2004161_aid0001,LaiStdDev_500m,aid0001,2004-06-09,31564495.0,0.0,2.3,"(0.0,2.3000000000000003)",0.2808,0.3226,0.1041,0.3,0.6,0.2,0.0,0.1
MYD15A2H_006_LaiStdDev_500m_doy2004169_aid0001,LaiStdDev_500m,aid0001,2004-06-17,32420073.0,0.0,2.3,"(0.0,2.3000000000000003)",0.3018,0.3363,0.1131,0.3,0.6,0.2,0.0,0.1
MYD15A2H_006_LaiStdDev_500m_doy2004177_aid0001,LaiStdDev_500m,aid0001,2004-06-25,31051904.0,0.0,2.3,"(0.0,2.3000000000000003)",0.2852,0.3256,0.106,0.3,0.6,0.2,0.0,0.1
MYD15A2H_006_LaiStdDev_500m_doy2004185_aid0001,LaiStdDev_500m,aid0001,2004-07-03,31826506.0,0.0,2.3,"(0.0,2.3000000000000003)",0.2992,0.3214,0.1033,0.3,0.6,0.2,0.0,0.1
MYD15A2H_006_LaiStdDev_500m_doy2004193_aid0001,LaiStdDev_500m,aid0001,2004-07-11,32331582.0,0.0,2.3,"(0.0,2.3000000000000003)",0.3269,0.3487,0.1216,0.3,0.6,0.2,0.0,0.1
MYD15A2H_006_LaiStdDev_500m_doy2004201_aid0001,LaiStdDev_500m,aid0001,2004-07-19,32117472.0,0.0,2.3,"(0.0,2.3000000000000003)",0.3299,0.3514,0.1235,0.3,0.6,0.2,0.0,0.1
MYD15A2H_006_LaiStdDev_500m_doy2004209_aid0001,LaiStdDev_500m,aid0001,2004-07-27,32784785.0,0.0,2.3,"(0.0,2.3000000000000003)",0.3338,0.3533,0.1248,0.4,0.8,0.2,0.0,0.1
MYD15A2H_006_LaiStdDev_500m_doy2004217_aid0001,LaiStdDev_500m,aid0001,2004-08-04,32768634.0,0.0,2.3,"(0.0,2.3000000000000003)",0.3286,0.3523,0.1241,0.3,0.6,0.2,0.0,0.1
MYD15A2H_006_LaiStdDev_500m_doy2004225_aid0001,LaiStdDev_500m,aid0001,2004-08-12,32514977.0,0.0,2.3,"(0.0,2.3000000000000003)",0.3121,0.3489,0.1217,0.3,0.6,0.2,0.0,0.1
MYD15A2H_006_LaiStdDev_500m_doy2004233_aid0001,LaiStdDev_500m,aid0001,2004-08-20,32809675.0,0.0,2.3,"(0.0,2.3000000000000003)",0.2961,0.3404,0.1159,0.3,0.6,0.2,0.0,0.1
MYD15A2H_006_LaiStdDev_500m_doy2004241_aid0001,LaiStdDev_500m,aid0001,2004-08-28,33572664.0,0.0,2.3,"(0.0,2.3000000000000003)",0.3077,0.3629,0.1317,0.3,0.6,0.2,0.0,0.1
MYD15A2H_006_LaiStdDev_500m_doy2005153_aid0001,LaiStdDev_500m,aid0001,2005-06-02,31870235.0,0.0,2.2,"(0.0,2.2)",0.2769,0.3157,0.0996,0.3,0.6,0.2,0.0,0.1
MYD15A2H_006_LaiStdDev_500m_doy2005161_aid0001,LaiStdDev_500m,aid0001,2005-06-10,31321694.0,0.0,2.3,"(0.0,2.3000000000000003)",0.2744,0.2959,0.0876,0.3,0.6,0.2,0.0,0.1
MYD15A2H_006_LaiStdDev_500m_doy2005169_aid0001,LaiStdDev_500m,aid0001,2005-06-18,33065259.0,0.0,2.2,"(0.0,2.2)",0.3299,0.3468,0.1202,0.3,0.6,0.2,0.0,0.1
MYD15A2H_006_LaiStdDev_500m_doy2005177_aid0001,LaiStdDev_500m,aid0001,2005-06-26,32297759.0,0.0,2.3,"(0.0,2.3000000000000003)",0.3159,0.3314,0.1098,0.3,0.6,0.2,0.0,0.1
MYD15A2H_006_LaiStdDev_500m_doy2005185_aid0001,LaiStdDev_500m,aid0001,2005-07-04,32043340.0,0.0,2.3,"(0.0,2.3000000000000003)",0.3158,0.3296,0.1086,0.3,0.6,0.2,0.0,0.1
MYD15A2H_006_LaiStdDev_500m_doy2005193_aid0001,LaiStdDev_500m,aid0001,2005-07-12,31633838.0,0.0,2.2,"(0.0,2.2)",0.3137,0.3298,0.1087,0.3,0.6,0.2,0.0,0.1
MYD15A2H_006_LaiStdDev_500m_doy2005201_aid0001,LaiStdDev_500m,aid0001,2005-07-20,33140200.0,0.0,2.2,"(0.0,2.2)",0.343,0.3568,0.1273,0.4,0.8,0.2,0.0,0.1
MYD15A2H_006_LaiStdDev_500m_doy2005209_aid0001,LaiStdDev_500m,aid0001,2005-07-28,33182844.0,0.0,2.3,"(0.0,2.3000000000000003)",0.3403,0.3564,0.127,0.4,0.8,0.2,0.0,0.1
MYD15A2H_006_LaiStdDev_500m_doy2005217_aid0001,LaiStdDev_500m,aid0001,2005-08-05,33105813.0,0.0,2.3,"(0.0,2.3000000000000003)",0.3275,0.3529,0.1245,0.3,0.6,0.2,0.0,0.1
MYD15A2H_006_LaiStdDev_500m_doy2005225_aid0001,LaiStdDev_500m,aid0001,2005-08-13,33438928.0,0.0,2.3,"(0.0,2.3000000000000003)",0.3254,0.3592,0.129,0.3,0.6,0.2,0.0,0.1
MYD15A2H_006_LaiStdDev_500m_doy2005233_aid0001,LaiStdDev_500m,aid0001,2005-08-21,33747646.0,0.0,2.3,"(0.0,2.3000000000000003)",0.3293,0.3692,0.1363,0.3,0.6,0.2,0.0,0.1
MYD15A2H_006_LaiStdDev_500m_doy2005241_aid0001,LaiStdDev_500m,aid0001,2005-08-29,34152472.0,0.0,2.4,"(0.0,2.4000000000000004)",0.3256,0.3711,0.1377,0.3,0.6,0.2,0.0,0.1
MYD15A2H_006_LaiStdDev_500m_doy2006153_aid0001,LaiStdDev_500m,aid0001,2006-06-02,32350120.0,0.0,2.2,"(0.0,2.2)",0.2781,0.3187,0.1016,0.3,0.6,0.2,0.0,0.1
MYD15A2H_006_LaiStdDev_500m_doy2006161_aid0001,LaiStdDev_500m,aid0001,2006-06-10,32822184.0,0.0,2.2,"(0.0,2.2)",0.2965,0.3352,0.1124,0.3,0.6,0.2,0.0,0.1
MYD15A2H_006_LaiStdDev_500m_doy2006169_aid0001,LaiStdDev_500m,aid0001,2006-06-18,32681175.0,0.0,2.3,"(0.0,2.3000000000000003)",0.3045,0.3422,0.1171,0.3,0.6,0.2,0.0,0.1
MYD15A2H_006_LaiStdDev_500m_doy2006177_aid0001,LaiStdDev_500m,aid0001,2006-06-26,32919345.0,0.0,2.2,"(0.0,2.2)",0.3153,0.3464,0.12,0.3,0.6,0.2,0.0,0.1
MYD15A2H_006_LaiStdDev_500m_doy2006185_aid0001,LaiStdDev_500m,aid0001,2006-07-04,32361236.0,0.0,2.1,"(0.0,2.1)",0.3069,0.3445,0.1187,0.3,0.6,0.2,0.0,0.1
MYD15A2H_006_LaiStdDev_500m_doy2006193_aid0001,LaiStdDev_500m,aid0001,2006-07-12,33555654.0,0.0,2.4,"(0.0,2.4000000000000004)",0.3404,0.3563,0.127,0.4,0.8,0.2,0.0,0.1
MYD15A2H_006_LaiStdDev_500m_doy2006201_aid0001,LaiStdDev_500m,aid0001,2006-07-20,32681742.0,0.0,2.3,"(0.0,2.3000000000000003)",0.3153,0.3454,0.1193,0.3,0.6,0.2,0.0,0.1
MYD15A2H_006_LaiStdDev_500m_doy2006209_aid0001,LaiStdDev_500m,aid0001,2006-07-28,33581585.0,0.0,2.3,"(0.0,2.3000000000000003)",0.3373,0.3638,0.1323,0.4,0.8,0.2,0.0,0.1
MYD15A2H_006_LaiStdDev_500m_doy2006217_aid0001,LaiStdDev_500m,aid0001,2006-08-05,33348285.0,0.0,2.3,"(0.0,2.3000000000000003)",0.3191,0.3537,0.1251,0.3,0.6,0.2,0.0,0.1
MYD15A2H_006_LaiStdDev_500m_doy2006225_aid0001,LaiStdDev_500m,aid0001,2006-08-13,33656481.0,0.0,2.4,"(0.0,2.4000000000000004)",0.3261,0.3646,0.1329,0.3,0.6,0.2,0.0,0.1
MYD15A2H_006_LaiStdDev_500m_doy2006233_aid0001,LaiStdDev_500m,aid0001,2006-08-21,33561269.0,0.0,2.3,"(0.0,2.3000000000000003)",0.3104,0.3609,0.1302,0.3,0.6,0.2,0.0,0.1
MYD15A2H_006_LaiStdDev_500m_doy2006241_aid0001,LaiStdDev_500m,aid0001,2006-08-29,32057047.0,0.0,2.4,"(0.0,2.4000000000000004)",0.2845,0.3463,0.1199,0.3,0.6,0.2,0.0,0.1
MYD15A2H_006_LaiStdDev_500m_doy2007153_aid0001,LaiStdDev_500m,aid0001,2007-06-02,32438577.0,0.0,2.3,"(0.0,2.3000000000000003)",0.2856,0.3241,0.1051,0.3,0.6,0.2,0.0,0.1
MYD15A2H_006_LaiStdDev_500m_doy2007161_aid0001,LaiStdDev_500m,aid0001,2007-06-10,32829038.0,0.0,2.3,"(0.0,2.3000000000000003)",0.3046,0.3353,0.1124,0.3,0.6,0.2,0.0,0.1
MYD15A2H_006_LaiStdDev_500m_doy2007169_aid0001,LaiStdDev_500m,aid0001,2007-06-18,32995128.0,0.0,2.3,"(0.0,2.3000000000000003)",0.3234,0.3515,0.1236,0.3,0.6,0.2,0.0,0.1
MYD15A2H_006_LaiStdDev_500m_doy2007177_aid0001,LaiStdDev_500m,aid0001,2007-06-26,31874721.0,0.0,2.2,"(0.0,2.2)",0.3034,0.331,0.1095,0.3,0.6,0.2,0.0,0.1
MYD15A2H_006_LaiStdDev_500m_doy2007185_aid0001,LaiStdDev_500m,aid0001,2007-07-04,32296731.0,0.0,2.1,"(0.0,2.1)",0.3174,0.3338,0.1114,0.3,0.6,0.2,0.0,0.1
MYD15A2H_006_LaiStdDev_500m_doy2007193_aid0001,LaiStdDev_500m,aid0001,2007-07-12,32285043.0,0.0,2.3,"(0.0,2.3000000000000003)",0.3044,0.3251,0.1057,0.3,0.6,0.2,0.0,0.1
MYD15A2H_006_LaiStdDev_500m_doy2007201_aid0001,LaiStdDev_500m,aid0001,2007-07-20,32709111.0,0.0,2.1,"(0.0,2.1)",0.3211,0.3461,0.1198,0.3,0.6,0.2,0.0,0.1
MYD15A2H_006_LaiStdDev_500m_doy2007209_aid0001,LaiStdDev_500m,aid0001,2007-07-28,33226301.0,0.0,2.2,"(0.0,2.2)",0.3339,0.3541,0.1254,0.4,0.8,0.2,0.0,0.1
MYD15A2H_006_LaiStdDev_500m_doy2007217_aid0001,LaiStdDev_500m,aid0001,2007-08-05,33693156.0,0.0,2.4,"(0.0,2.4000000000000004)",0.3339,0.3583,0.1284,0.3,0.6,0.2,0.0,0.1
MYD15A2H_006_LaiStdDev_500m_doy2007225_aid0001,LaiStdDev_500m,aid0001,2007-08-13,33821436.0,0.0,2.3,"(0.0,2.3000000000000003)",0.3273,0.3642,0.1327,0.3,0.6,0.2,0.0,0.1
MYD15A2H_006_LaiStdDev_500m_doy2007233_aid0001,LaiStdDev_500m,aid0001,2007-08-21,33701878.0,0.0,2.4,"(0.0,2.4000000000000004)",0.3105,0.3625,0.1314,0.3,0.6,0.2,0.0,0.1
MYD15A2H_006_LaiStdDev_500m_doy2007241_aid0001,LaiStdDev_500m,aid0001,2007-08-29,34134437.0,0.0,2.4,"(0.0,2.4000000000000004)",0.3206,0.3805,0.1448,0.3,0.6,0.2,0.0,0.1
MYD15A2H_006_LaiStdDev_500m_doy2008153_aid0001,LaiStdDev_500m,aid0001,2008-06-01,32178489.0,0.0,2.4,"(0.0,2.4000000000000004)",0.2694,0.3172,0.1006,0.3,0.6,0.2,0.0,0.1
MYD15A2H_006_LaiStdDev_500m_doy2008161_aid0001,LaiStdDev_500m,aid0001,2008-06-09,33061245.0,0.0,2.3,"(0.0,2.3000000000000003)",0.3012,0.3392,0.1151,0.3,0.6,0.2,0.0,0.1
MYD15A2H_006_LaiStdDev_500m_doy2008169_aid0001,LaiStdDev_500m,aid0001,2008-06-17,32771905.0,0.0,2.3,"(0.0,2.3000000000000003)",0.296,0.3287,0.108,0.3,0.6,0.2,0.0,0.1
MYD15A2H_006_LaiStdDev_500m_doy2008177_aid0001,LaiStdDev_500m,aid0001,2008-06-25,32834233.0,0.0,2.3,"(0.0,2.3000000000000003)",0.3106,0.3425,0.1173,0.3,0.6,0.2,0.0,0.1
MYD15A2H_006_LaiStdDev_500m_doy2008185_aid0001,LaiStdDev_500m,aid0001,2008-07-03,32541866.0,0.0,2.2,"(0.0,2.2)",0.3084,0.3355,0.1126,0.3,0.6,0.2,0.0,0.1
MYD15A2H_006_LaiStdDev_500m_doy2008193_aid0001,LaiStdDev_500m,aid0001,2008-07-11,33255538.0,0.0,2.3,"(0.0,2.3000000000000003)",0.3375,0.3533,0.1248,0.4,0.8,0.2,0.0,0.1
MYD15A2H_006_LaiStdDev_500m_doy2008201_aid0001,LaiStdDev_500m,aid0001,2008-07-19,32833632.0,0.0,2.3,"(0.0,2.3000000000000003)",0.3295,0.3492,0.122,0.3,0.6,0.2,0.0,0.1
MYD15A2H_006_LaiStdDev_500m_doy2008209_aid0001,LaiStdDev_500m,aid0001,2008-07-27,33111425.0,0.0,2.3,"(0.0,2.3000000000000003)",0.3364,0.3559,0.1267,0.4,0.8,0.2,0.0,0.1
MYD15A2H_006_LaiStdDev_500m_doy2008217_aid0001,LaiStdDev_500m,aid0001,2008-08-04,32912474.0,0.0,2.3,"(0.0,2.3000000000000003)",0.3211,0.3486,0.1215,0.3,0.6,0.2,0.0,0.1
MYD15A2H_006_LaiStdDev_500m_doy2008225_aid0001,LaiStdDev_500m,aid0001,2008-08-12,33225208.0,0.0,2.3,"(0.0,2.3000000000000003)",0.3251,0.3624,0.1313,0.3,0.6,0.2,0.0,0.1
MYD15A2H_006_LaiStdDev_500m_doy2008233_aid0001,LaiStdDev_500m,aid0001,2008-08-20,33396155.0,0.0,2.3,"(0.0,2.3000000000000003)",0.3193,0.3598,0.1294,0.3,0.6,0.2,0.0,0.1
MYD15A2H_006_LaiStdDev_500m_doy2008241_aid0001,LaiStdDev_500m,aid0001,2008-08-28,34019188.0,0.0,2.3,"(0.0,2.3000000000000003)",0.3288,0.3764,0.1417,0.3,0.6,0.2,0.0,0.1
MYD15A2H_006_LaiStdDev_500m_doy2009153_aid0001,LaiStdDev_500m,aid0001,2009-06-02,31902910.0,0.0,2.4,"(0.0,2.4000000000000004)",0.2678,0.3147,0.099,0.3,0.6,0.2,0.0,0.1
MYD15A2H_006_LaiStdDev_500m_doy2009161_aid0001,LaiStdDev_500m,aid0001,2009-06-10,31210271.0,0.0,2.2,"(0.0,2.2)",0.2571,0.3053,0.0932,0.2,0.3,0.2,0.0,0.1
MYD15A2H_006_LaiStdDev_500m_doy2009169_aid0001,LaiStdDev_500m,aid0001,2009-06-18,32584366.0,0.0,2.3,"(0.0,2.3000000000000003)",0.3016,0.3296,0.1086,0.3,0.6,0.2,0.0,0.1
MYD15A2H_006_LaiStdDev_500m_doy2009177_aid0001,LaiStdDev_500m,aid0001,2009-06-26,31806890.0,0.0,2.2,"(0.0,2.2)",0.2991,0.3274,0.1072,0.3,0.6,0.2,0.0,0.1
MYD15A2H_006_LaiStdDev_500m_doy2009185_aid0001,LaiStdDev_500m,aid0001,2009-07-04,32482448.0,0.0,2.3,"(0.0,2.3000000000000003)",0.3102,0.3338,0.1114,0.3,0.6,0.2,0.0,0.1
MYD15A2H_006_LaiStdDev_500m_doy2009193_aid0001,LaiStdDev_500m,aid0001,2009-07-12,32602351.0,0.0,2.3,"(0.0,2.3000000000000003)",0.326,0.3487,0.1216,0.3,0.6,0.2,0.0,0.1
MYD15A2H_006_LaiStdDev_500m_doy2009201_aid0001,LaiStdDev_500m,aid0001,2009-07-20,32053134.0,0.0,2.3,"(0.0,2.3000000000000003)",0.3173,0.3391,0.115,0.3,0.6,0.2,0.0,0.1
MYD15A2H_006_LaiStdDev_500m_doy2009209_aid0001,LaiStdDev_500m,aid0001,2009-07-28,32523974.0,0.0,2.3,"(0.0,2.3000000000000003)",0.3228,0.3459,0.1197,0.3,0.6,0.2,0.0,0.1
MYD15A2H_006_LaiStdDev_500m_doy2009217_aid0001,LaiStdDev_500m,aid0001,2009-08-05,33066014.0,0.0,2.4,"(0.0,2.4000000000000004)",0.3262,0.3429,0.1176,0.3,0.6,0.2,0.0,0.1
MYD15A2H_006_LaiStdDev_500m_doy2009225_aid0001,LaiStdDev_500m,aid0001,2009-08-13,33236258.0,0.0,2.4,"(0.0,2.4000000000000004)",0.3281,0.3606,0.13,0.3,0.6,0.2,0.0,0.1
MYD15A2H_006_LaiStdDev_500m_doy2009233_aid0001,LaiStdDev_500m,aid0001,2009-08-21,33377351.0,0.0,2.3,"(0.0,2.3000000000000003)",0.3306,0.3687,0.1359,0.3,0.6,0.2,0.0,0.1
MYD15A2H_006_LaiStdDev_500m_doy2009241_aid0001,LaiStdDev_500m,aid0001,2009-08-29,33900598.0,0.0,2.3,"(0.0,2.3000000000000003)",0.3314,0.3856,0.1487,0.3,0.6,0.2,0.0,0.1
MYD15A2H_006_LaiStdDev_500m_doy2010153_aid0001,LaiStdDev_500m,aid0001,2010-06-02,31385298.0,0.0,2.3,"(0.0,2.3000000000000003)",0.2595,0.2952,0.0871,0.2,0.3,0.2,0.0,0.1
MYD15A2H_006_LaiStdDev_500m_doy2010161_aid0001,LaiStdDev_500m,aid0001,2010-06-10,31537177.0,0.0,2.3,"(0.0,2.3000000000000003)",0.2848,0.3085,0.0952,0.3,0.6,0.2,0.0,0.1
MYD15A2H_006_LaiStdDev_500m_doy2010169_aid0001,LaiStdDev_500m,aid0001,2010-06-18,32956800.0,0.0,2.3,"(0.0,2.3000000000000003)",0.3207,0.338,0.1142,0.3,0.6,0.2,0.0,0.1
MYD15A2H_006_LaiStdDev_500m_doy2010177_aid0001,LaiStdDev_500m,aid0001,2010-06-26,32988179.0,0.0,2.3,"(0.0,2.3000000000000003)",0.3326,0.3492,0.1219,0.3,0.6,0.2,0.0,0.1
MYD15A2H_006_LaiStdDev_500m_doy2010185_aid0001,LaiStdDev_500m,aid0001,2010-07-04,32793542.0,0.0,2.3,"(0.0,2.3000000000000003)",0.3338,0.3481,0.1212,0.3,0.6,0.2,0.0,0.1
MYD15A2H_006_LaiStdDev_500m_doy2010193_aid0001,LaiStdDev_500m,aid0001,2010-07-12,32502856.0,0.0,2.2,"(0.0,2.2)",0.3384,0.3469,0.1203,0.4,0.8,0.2,0.0,0.1
MYD15A2H_006_LaiStdDev_500m_doy2010201_aid0001,LaiStdDev_500m,aid0001,2010-07-20,33092289.0,0.0,2.2,"(0.0,2.2)",0.3508,0.3617,0.1308,0.4,0.8,0.2,0.0,0.1
MYD15A2H_006_LaiStdDev_500m_doy2010209_aid0001,LaiStdDev_500m,aid0001,2010-07-28,32787888.0,0.0,2.4,"(0.0,2.4000000000000004)",0.3389,0.3489,0.1217,0.4,0.8,0.2,0.0,0.1
MYD15A2H_006_LaiStdDev_500m_doy2010217_aid0001,LaiStdDev_500m,aid0001,2010-08-05,33679596.0,0.0,2.3,"(0.0,2.3000000000000003)",0.345,0.3577,0.1279,0.4,0.8,0.2,0.0,0.1
MYD15A2H_006_LaiStdDev_500m_doy2010225_aid0001,LaiStdDev_500m,aid0001,2010-08-13,33620072.0,0.0,2.3,"(0.0,2.3000000000000003)",0.3396,0.3698,0.1367,0.3,0.6,0.2,0.0,0.1
MYD15A2H_006_LaiStdDev_500m_doy2010233_aid0001,LaiStdDev_500m,aid0001,2010-08-21,34019877.0,0.0,2.4,"(0.0,2.4000000000000004)",0.3437,0.3831,0.1468,0.3,0.6,0.2,0.0,0.1
MYD15A2H_006_LaiStdDev_500m_doy2010241_aid0001,LaiStdDev_500m,aid0001,2010-08-29,34414074.0,0.0,2.4,"(0.0,2.4000000000000004)",0.3398,0.4006,0.1605,0.3,0.6,0.2,0.0,0.1
MYD15A2H_006_LaiStdDev_500m_doy2011153_aid0001,LaiStdDev_500m,aid0001,2011-06-02,33353523.0,0.0,2.3,"(0.0,2.3000000000000003)",0.3116,0.351,0.1232,0.3,0.6,0.2,0.0,0.1
MYD15A2H_006_LaiStdDev_500m_doy2011161_aid0001,LaiStdDev_500m,aid0001,2011-06-10,32101845.0,0.0,2.2,"(0.0,2.2)",0.2835,0.3272,0.1071,0.3,0.6,0.2,0.0,0.1
MYD15A2H_006_LaiStdDev_500m_doy2011169_aid0001,LaiStdDev_500m,aid0001,2011-06-18,31256633.0,0.0,2.3,"(0.0,2.3000000000000003)",0.2766,0.3107,0.0965,0.3,0.6,0.2,0.0,0.1
MYD15A2H_006_LaiStdDev_500m_doy2011177_aid0001,LaiStdDev_500m,aid0001,2011-06-26,32861803.0,0.0,2.3,"(0.0,2.3000000000000003)",0.3168,0.3367,0.1134,0.3,0.6,0.2,0.0,0.1
MYD15A2H_006_LaiStdDev_500m_doy2011185_aid0001,LaiStdDev_500m,aid0001,2011-07-04,33026605.0,0.0,2.2,"(0.0,2.2)",0.3288,0.3464,0.12,0.3,0.6,0.2,0.0,0.1
MYD15A2H_006_LaiStdDev_500m_doy2011193_aid0001,LaiStdDev_500m,aid0001,2011-07-12,32339439.0,0.0,2.4,"(0.0,2.4000000000000004)",0.3217,0.3386,0.1147,0.3,0.6,0.2,0.0,0.1
MYD15A2H_006_LaiStdDev_500m_doy2011201_aid0001,LaiStdDev_500m,aid0001,2011-07-20,33024900.0,0.0,2.4,"(0.0,2.4000000000000004)",0.3411,0.3566,0.1272,0.4,0.8,0.2,0.0,0.1
MYD15A2H_006_LaiStdDev_500m_doy2011209_aid0001,LaiStdDev_500m,aid0001,2011-07-28,33372305.0,0.0,2.3,"(0.0,2.3000000000000003)",0.346,0.3629,0.1317,0.4,0.8,0.2,0.0,0.1
MYD15A2H_006_LaiStdDev_500m_doy2011217_aid0001,LaiStdDev_500m,aid0001,2011-08-05,33013651.0,0.0,2.3,"(0.0,2.3000000000000003)",0.3309,0.3551,0.1261,0.3,0.6,0.2,0.0,0.1
MYD15A2H_006_LaiStdDev_500m_doy2011225_aid0001,LaiStdDev_500m,aid0001,2011-08-13,33668838.0,0.0,2.4,"(0.0,2.4000000000000004)",0.3444,0.3702,0.137,0.4,0.8,0.2,0.0,0.1
MYD15A2H_006_LaiStdDev_500m_doy2011233_aid0001,LaiStdDev_500m,aid0001,2011-08-21,33815582.0,0.0,2.4,"(0.0,2.4000000000000004)",0.3431,0.3746,0.1404,0.4,0.8,0.2,0.0,0.1
MYD15A2H_006_LaiStdDev_500m_doy2011241_aid0001,LaiStdDev_500m,aid0001,2011-08-29,33978183.0,0.0,2.3,"(0.0,2.3000000000000003)",0.33,0.3881,0.1506,0.3,0.6,0.2,0.0,0.1
MYD15A2H_006_LaiStdDev_500m_doy2012153_aid0001,LaiStdDev_500m,aid0001,2012-06-01,32168536.0,0.0,2.3,"(0.0,2.3000000000000003)",0.269,0.3107,0.0965,0.3,0.6,0.2,0.0,0.1
MYD15A2H_006_LaiStdDev_500m_doy2012161_aid0001,LaiStdDev_500m,aid0001,2012-06-09,32977643.0,0.0,2.3,"(0.0,2.3000000000000003)",0.2975,0.339,0.1149,0.3,0.6,0.2,0.0,0.1
MYD15A2H_006_LaiStdDev_500m_doy2012169_aid0001,LaiStdDev_500m,aid0001,2012-06-17,33029254.0,0.0,2.3,"(0.0,2.3000000000000003)",0.3056,0.3349,0.1121,0.3,0.6,0.2,0.0,0.1
MYD15A2H_006_LaiStdDev_500m_doy2012177_aid0001,LaiStdDev_500m,aid0001,2012-06-25,33664305.0,0.0,2.2,"(0.0,2.2)",0.3278,0.3483,0.1213,0.3,0.6,0.2,0.0,0.1
MYD15A2H_006_LaiStdDev_500m_doy2012185_aid0001,LaiStdDev_500m,aid0001,2012-07-03,33539776.0,0.0,2.3,"(0.0,2.3000000000000003)",0.3332,0.3667,0.1345,0.3,0.6,0.2,0.0,0.1
MYD15A2H_006_LaiStdDev_500m_doy2012193_aid0001,LaiStdDev_500m,aid0001,2012-07-11,32576430.0,0.0,2.3,"(0.0,2.3000000000000003)",0.3032,0.3408,0.1162,0.3,0.6,0.2,0.0,0.1
MYD15A2H_006_LaiStdDev_500m_doy2012201_aid0001,LaiStdDev_500m,aid0001,2012-07-19,33337096.0,0.0,2.3,"(0.0,2.3000000000000003)",0.3216,0.3553,0.1262,0.3,0.6,0.2,0.0,0.1
MYD15A2H_006_LaiStdDev_500m_doy2012209_aid0001,LaiStdDev_500m,aid0001,2012-07-27,33475760.0,0.0,2.3,"(0.0,2.3000000000000003)",0.319,0.3552,0.1262,0.3,0.6,0.2,0.0,0.1
MYD15A2H_006_LaiStdDev_500m_doy2012217_aid0001,LaiStdDev_500m,aid0001,2012-08-04,33231182.0,0.0,2.3,"(0.0,2.3000000000000003)",0.3162,0.3589,0.1288,0.3,0.6,0.2,0.0,0.1
MYD15A2H_006_LaiStdDev_500m_doy2012225_aid0001,LaiStdDev_500m,aid0001,2012-08-12,33506798.0,0.0,2.3,"(0.0,2.3000000000000003)",0.3099,0.3662,0.1341,0.3,0.6,0.2,0.0,0.1
MYD15A2H_006_LaiStdDev_500m_doy2012233_aid0001,LaiStdDev_500m,aid0001,2012-08-20,34046472.0,0.0,2.4,"(0.0,2.4000000000000004)",0.3195,0.3799,0.1443,0.3,0.6,0.2,0.0,0.1
MYD15A2H_006_LaiStdDev_500m_doy2012241_aid0001,LaiStdDev_500m,aid0001,2012-08-28,34002263.0,0.0,2.3,"(0.0,2.3000000000000003)",0.31,0.3853,0.1485,0.3,0.6,0.2,0.0,0.1
MYD15A2H_006_LaiStdDev_500m_doy2013153_aid0001,LaiStdDev_500m,aid0001,2013-06-02,31886623.0,0.0,2.3,"(0.0,2.3000000000000003)",0.2702,0.3205,0.1027,0.3,0.6,0.2,0.0,0.1
MYD15A2H_006_LaiStdDev_500m_doy2013161_aid0001,LaiStdDev_500m,aid0001,2013-06-10,32579831.0,0.0,2.2,"(0.0,2.2)",0.2883,0.3269,0.1069,0.3,0.6,0.2,0.0,0.1
MYD15A2H_006_LaiStdDev_500m_doy2013169_aid0001,LaiStdDev_500m,aid0001,2013-06-18,32124632.0,0.0,2.3,"(0.0,2.3000000000000003)",0.2869,0.3252,0.1058,0.3,0.6,0.2,0.0,0.1
MYD15A2H_006_LaiStdDev_500m_doy2013177_aid0001,LaiStdDev_500m,aid0001,2013-06-26,31733328.0,0.0,2.2,"(0.0,2.2)",0.2879,0.3202,0.1025,0.3,0.6,0.2,0.0,0.1
MYD15A2H_006_LaiStdDev_500m_doy2013185_aid0001,LaiStdDev_500m,aid0001,2013-07-04,31396443.0,0.0,2.1,"(0.0,2.1)",0.2993,0.3289,0.1082,0.3,0.6,0.2,0.0,0.1
MYD15A2H_006_LaiStdDev_500m_doy2013193_aid0001,LaiStdDev_500m,aid0001,2013-07-12,33001608.0,0.0,2.4,"(0.0,2.4000000000000004)",0.333,0.3615,0.1307,0.3,0.6,0.2,0.0,0.1
MYD15A2H_006_LaiStdDev_500m_doy2013201_aid0001,LaiStdDev_500m,aid0001,2013-07-20,32080603.0,0.0,2.2,"(0.0,2.2)",0.3107,0.3398,0.1155,0.3,0.6,0.2,0.0,0.1
MYD15A2H_006_LaiStdDev_500m_doy2013209_aid0001,LaiStdDev_500m,aid0001,2013-07-28,31806047.0,0.0,2.3,"(0.0,2.3000000000000003)",0.2992,0.33,0.1089,0.3,0.6,0.2,0.0,0.1
MYD15A2H_006_LaiStdDev_500m_doy2013217_aid0001,LaiStdDev_500m,aid0001,2013-08-05,32072105.0,0.0,2.3,"(0.0,2.3000000000000003)",0.3162,0.3444,0.1186,0.3,0.6,0.2,0.0,0.1
MYD15A2H_006_LaiStdDev_500m_doy2013225_aid0001,LaiStdDev_500m,aid0001,2013-08-13,32540548.0,0.0,2.4,"(0.0,2.4000000000000004)",0.3244,0.3571,0.1275,0.3,0.6,0.2,0.0,0.1
MYD15A2H_006_LaiStdDev_500m_doy2013233_aid0001,LaiStdDev_500m,aid0001,2013-08-21,33714667.0,0.0,2.3,"(0.0,2.3000000000000003)",0.3383,0.3756,0.1411,0.4,0.8,0.2,0.0,0.1
MYD15A2H_006_LaiStdDev_500m_doy2013241_aid0001,LaiStdDev_500m,aid0001,2013-08-29,34107911.0,0.0,2.3,"(0.0,2.3000000000000003)",0.3318,0.3881,0.1506,0.3,0.6,0.2,0.0,0.1
MYD15A2H_006_LaiStdDev_500m_doy2014153_aid0001,LaiStdDev_500m,aid0001,2014-06-02,31863013.0,0.0,2.3,"(0.0,2.3000000000000003)",0.2742,0.3224,0.1039,0.3,0.6,0.2,0.0,0.1
MYD15A2H_006_LaiStdDev_500m_doy2014161_aid0001,LaiStdDev_500m,aid0001,2014-06-10,32414057.0,0.0,2.2,"(0.0,2.2)",0.2925,0.3336,0.1113,0.3,0.6,0.2,0.0,0.1
MYD15A2H_006_LaiStdDev_500m_doy2014169_aid0001,LaiStdDev_500m,aid0001,2014-06-18,31883691.0,0.0,2.3,"(0.0,2.3000000000000003)",0.2835,0.3187,0.1016,0.3,0.6,0.2,0.0,0.1
MYD15A2H_006_LaiStdDev_500m_doy2014177_aid0001,LaiStdDev_500m,aid0001,2014-06-26,31973478.0,0.0,2.2,"(0.0,2.2)",0.3086,0.3335,0.1112,0.3,0.6,0.2,0.0,0.1
MYD15A2H_006_LaiStdDev_500m_doy2014185_aid0001,LaiStdDev_500m,aid0001,2014-07-04,32809005.0,0.0,2.3,"(0.0,2.3000000000000003)",0.3343,0.3533,0.1248,0.3,0.6,0.2,0.0,0.1
MYD15A2H_006_LaiStdDev_500m_doy2014193_aid0001,LaiStdDev_500m,aid0001,2014-07-12,31700011.0,0.0,2.3,"(0.0,2.3000000000000003)",0.3132,0.3401,0.1156,0.3,0.6,0.2,0.0,0.1
MYD15A2H_006_LaiStdDev_500m_doy2014201_aid0001,LaiStdDev_500m,aid0001,2014-07-20,32605907.0,0.0,2.3,"(0.0,2.3000000000000003)",0.3368,0.3544,0.1256,0.4,0.8,0.2,0.0,0.1
MYD15A2H_006_LaiStdDev_500m_doy2014209_aid0001,LaiStdDev_500m,aid0001,2014-07-28,32396894.0,0.0,2.3,"(0.0,2.3000000000000003)",0.3211,0.3474,0.1207,0.3,0.6,0.2,0.0,0.1
MYD15A2H_006_LaiStdDev_500m_doy2014217_aid0001,LaiStdDev_500m,aid0001,2014-08-05,32299731.0,0.0,2.3,"(0.0,2.3000000000000003)",0.3192,0.3486,0.1215,0.3,0.6,0.2,0.0,0.1
MYD15A2H_006_LaiStdDev_500m_doy2014225_aid0001,LaiStdDev_500m,aid0001,2014-08-13,32932900.0,0.0,2.3,"(0.0,2.3000000000000003)",0.3229,0.3557,0.1265,0.3,0.6,0.2,0.0,0.1
MYD15A2H_006_LaiStdDev_500m_doy2014233_aid0001,LaiStdDev_500m,aid0001,2014-08-21,33512699.0,0.0,2.3,"(0.0,2.3000000000000003)",0.3276,0.3705,0.1373,0.3,0.6,0.2,0.0,0.1
MYD15A2H_006_LaiStdDev_500m_doy2014241_aid0001,LaiStdDev_500m,aid0001,2014-08-29,33575759.0,0.0,2.3,"(0.0,2.3000000000000003)",0.3079,0.3616,0.1307,0.3,0.6,0.2,0.0,0.1
MYD15A2H_006_LaiStdDev_500m_doy2015153_aid0001,LaiStdDev_500m,aid0001,2015-06-02,32599796.0,0.0,2.3,"(0.0,2.3000000000000003)",0.2913,0.3331,0.111,0.3,0.6,0.2,0.0,0.1
MYD15A2H_006_LaiStdDev_500m_doy2015161_aid0001,LaiStdDev_500m,aid0001,2015-06-10,32952897.0,0.0,2.3,"(0.0,2.3000000000000003)",0.3113,0.3441,0.1184,0.3,0.6,0.2,0.0,0.1
MYD15A2H_006_LaiStdDev_500m_doy2015169_aid0001,LaiStdDev_500m,aid0001,2015-06-18,32687887.0,0.0,2.2,"(0.0,2.2)",0.3122,0.3394,0.1152,0.3,0.6,0.2,0.0,0.1
MYD15A2H_006_LaiStdDev_500m_doy2015177_aid0001,LaiStdDev_500m,aid0001,2015-06-26,31879648.0,0.0,2.3,"(0.0,2.3000000000000003)",0.3165,0.3414,0.1166,0.3,0.6,0.2,0.0,0.1
MYD15A2H_006_LaiStdDev_500m_doy2015185_aid0001,LaiStdDev_500m,aid0001,2015-07-04,31994021.0,0.0,2.3,"(0.0,2.3000000000000003)",0.3095,0.3375,0.1139,0.3,0.6,0.2,0.0,0.1
MYD15A2H_006_LaiStdDev_500m_doy2015193_aid0001,LaiStdDev_500m,aid0001,2015-07-12,32608705.0,0.0,2.3,"(0.0,2.3000000000000003)",0.3398,0.3488,0.1216,0.4,0.8,0.2,0.0,0.1
MYD15A2H_006_LaiStdDev_500m_doy2015201_aid0001,LaiStdDev_500m,aid0001,2015-07-20,32826148.0,0.0,2.2,"(0.0,2.2)",0.3462,0.3555,0.1263,0.4,0.8,0.2,0.0,0.1
MYD15A2H_006_LaiStdDev_500m_doy2015209_aid0001,LaiStdDev_500m,aid0001,2015-07-28,33644568.0,0.0,2.4,"(0.0,2.4000000000000004)",0.3608,0.3643,0.1327,0.4,0.8,0.2,0.0,0.1
MYD15A2H_006_LaiStdDev_500m_doy2015217_aid0001,LaiStdDev_500m,aid0001,2015-08-05,32656261.0,0.0,2.3,"(0.0,2.3000000000000003)",0.3201,0.349,0.1218,0.3,0.6,0.2,0.0,0.1
MYD15A2H_006_LaiStdDev_500m_doy2015225_aid0001,LaiStdDev_500m,aid0001,2015-08-13,33464662.0,0.0,2.3,"(0.0,2.3000000000000003)",0.3313,0.3565,0.1271,0.3,0.6,0.2,0.0,0.1
MYD15A2H_006_LaiStdDev_500m_doy2015233_aid0001,LaiStdDev_500m,aid0001,2015-08-21,33996032.0,0.0,2.3,"(0.0,2.3000000000000003)",0.3422,0.376,0.1413,0.3,0.6,0.2,0.0,0.1
MYD15A2H_006_LaiStdDev_500m_doy2015241_aid0001,LaiStdDev_500m,aid0001,2015-08-29,33774718.0,0.0,2.3,"(0.0,2.3000000000000003)",0.3103,0.37,0.1369,0.3,0.6,0.2,0.0,0.1
MYD15A2H_006_LaiStdDev_500m_doy2016153_aid0001,LaiStdDev_500m,aid0001,2016-06-01,32429650.0,0.0,2.3,"(0.0,2.3000000000000003)",0.2939,0.3303,0.1091,0.3,0.6,0.2,0.0,0.1
MYD15A2H_006_LaiStdDev_500m_doy2016161_aid0001,LaiStdDev_500m,aid0001,2016-06-09,32942058.0,0.0,2.3,"(0.0,2.3000000000000003)",0.3073,0.335,0.1122,0.3,0.6,0.2,0.0,0.1
MYD15A2H_006_LaiStdDev_500m_doy2016169_aid0001,LaiStdDev_500m,aid0001,2016-06-17,33001727.0,0.0,2.2,"(0.0,2.2)",0.3206,0.3387,0.1147,0.3,0.6,0.2,0.0,0.1
MYD15A2H_006_LaiStdDev_500m_doy2016177_aid0001,LaiStdDev_500m,aid0001,2016-06-25,32729790.0,0.0,2.2,"(0.0,2.2)",0.3171,0.3385,0.1146,0.3,0.6,0.2,0.0,0.1
MYD15A2H_006_LaiStdDev_500m_doy2016185_aid0001,LaiStdDev_500m,aid0001,2016-07-03,31499756.0,0.0,2.1,"(0.0,2.1)",0.3026,0.318,0.1011,0.3,0.6,0.2,0.0,0.1
MYD15A2H_006_LaiStdDev_500m_doy2016193_aid0001,LaiStdDev_500m,aid0001,2016-07-11,32726990.0,0.0,2.3,"(0.0,2.3000000000000003)",0.3392,0.352,0.1239,0.4,0.8,0.2,0.0,0.1
MYD15A2H_006_LaiStdDev_500m_doy2016201_aid0001,LaiStdDev_500m,aid0001,2016-07-19,32928907.0,0.0,2.2,"(0.0,2.2)",0.3501,0.3607,0.1301,0.4,0.8,0.2,0.0,0.1
MYD15A2H_006_LaiStdDev_500m_doy2016209_aid0001,LaiStdDev_500m,aid0001,2016-07-27,32354455.0,0.0,2.3,"(0.0,2.3000000000000003)",0.325,0.3443,0.1185,0.3,0.6,0.2,0.0,0.1
MYD15A2H_006_LaiStdDev_500m_doy2016217_aid0001,LaiStdDev_500m,aid0001,2016-08-04,32733705.0,0.0,2.3,"(0.0,2.3000000000000003)",0.3226,0.3451,0.1191,0.3,0.6,0.2,0.0,0.1
MYD15A2H_006_LaiStdDev_500m_doy2016225_aid0001,LaiStdDev_500m,aid0001,2016-08-12,31738597.0,0.0,2.3,"(0.0,2.3000000000000003)",0.3041,0.3416,0.1167,0.3,0.6,0.2,0.0,0.1
MYD15A2H_006_LaiStdDev_500m_doy2016233_aid0001,LaiStdDev_500m,aid0001,2016-08-20,33783200.0,0.0,2.3,"(0.0,2.3000000000000003)",0.3344,0.3678,0.1353,0.3,0.6,0.2,0.0,0.1
MYD15A2H_006_LaiStdDev_500m_doy2016241_aid0001,LaiStdDev_500m,aid0001,2016-08-28,34041701.0,0.0,2.3,"(0.0,2.3000000000000003)",0.3296,0.3742,0.14,0.3,0.6,0.2,0.0,0.1
MYD15A2H_006_LaiStdDev_500m_doy2017153_aid0001,LaiStdDev_500m,aid0001,2017-06-02,32438699.0,0.0,2.3,"(0.0,2.3000000000000003)",0.2899,0.3323,0.1104,0.3,0.6,0.2,0.0,0.1
MYD15A2H_006_LaiStdDev_500m_doy2017161_aid0001,LaiStdDev_500m,aid0001,2017-06-10,32477122.0,0.0,2.2,"(0.0,2.2)",0.2906,0.328,0.1076,0.3,0.6,0.2,0.0,0.1
MYD15A2H_006_LaiStdDev_500m_doy2017169_aid0001,LaiStdDev_500m,aid0001,2017-06-18,31859994.0,0.0,2.2,"(0.0,2.2)",0.2913,0.3258,0.1062,0.3,0.6,0.2,0.0,0.1
MYD15A2H_006_LaiStdDev_500m_doy2017177_aid0001,LaiStdDev_500m,aid0001,2017-06-26,32311554.0,0.0,2.3,"(0.0,2.3000000000000003)",0.3,0.3236,0.1047,0.3,0.6,0.2,0.0,0.1
MYD15A2H_006_LaiStdDev_500m_doy2017185_aid0001,LaiStdDev_500m,aid0001,2017-07-04,32743975.0,0.0,2.3,"(0.0,2.3000000000000003)",0.3229,0.3411,0.1164,0.3,0.6,0.2,0.0,0.1
MYD15A2H_006_LaiStdDev_500m_doy2017193_aid0001,LaiStdDev_500m,aid0001,2017-07-12,32612412.0,0.0,2.2,"(0.0,2.2)",0.3295,0.3442,0.1185,0.3,0.6,0.2,0.0,0.1
MYD15A2H_006_LaiStdDev_500m_doy2017201_aid0001,LaiStdDev_500m,aid0001,2017-07-20,32114533.0,0.0,2.4,"(0.0,2.4000000000000004)",0.3214,0.3411,0.1163,0.3,0.6,0.2,0.0,0.1
MYD15A2H_006_LaiStdDev_500m_doy2017209_aid0001,LaiStdDev_500m,aid0001,2017-07-28,33018932.0,0.0,2.3,"(0.0,2.3000000000000003)",0.3391,0.3573,0.1277,0.4,0.8,0.2,0.0,0.1
MYD15A2H_006_LaiStdDev_500m_doy2017217_aid0001,LaiStdDev_500m,aid0001,2017-08-05,32091459.0,0.0,2.3,"(0.0,2.3000000000000003)",0.3061,0.3389,0.1148,0.3,0.6,0.2,0.0,0.1
MYD15A2H_006_LaiStdDev_500m_doy2017225_aid0001,LaiStdDev_500m,aid0001,2017-08-13,33199650.0,0.0,2.4,"(0.0,2.4000000000000004)",0.3338,0.3535,0.125,0.4,0.8,0.2,0.0,0.1
MYD15A2H_006_LaiStdDev_500m_doy2017233_aid0001,LaiStdDev_500m,aid0001,2017-08-21,34045969.0,0.0,2.3,"(0.0,2.3000000000000003)",0.3428,0.3774,0.1425,0.4,0.8,0.2,0.0,0.1
MYD15A2H_006_LaiStdDev_500m_doy2017241_aid0001,LaiStdDev_500m,aid0001,2017-08-29,33776975.0,0.0,2.4,"(0.0,2.4000000000000004)",0.3363,0.381,0.1451,0.3,0.6,0.2,0.0,0.1
MYD15A2H_006_LaiStdDev_500m_doy2018153_aid0001,LaiStdDev_500m,aid0001,2018-06-02,32418542.0,0.0,2.2,"(0.0,2.2)",0.2946,0.3275,0.1073,0.3,0.6,0.2,0.0,0.1
MYD15A2H_006_LaiStdDev_500m_doy2018161_aid0001,LaiStdDev_500m,aid0001,2018-06-10,32760948.0,0.0,2.3,"(0.0,2.3000000000000003)",0.3033,0.3379,0.1142,0.3,0.6,0.2,0.0,0.1
MYD15A2H_006_LaiStdDev_500m_doy2018169_aid0001,LaiStdDev_500m,aid0001,2018-06-18,31698687.0,0.0,2.3,"(0.0,2.3000000000000003)",0.2988,0.327,0.107,0.3,0.6,0.2,0.0,0.1
MYD15A2H_006_LaiStdDev_500m_doy2018177_aid0001,LaiStdDev_500m,aid0001,2018-06-26,32728622.0,0.0,2.2,"(0.0,2.2)",0.333,0.3427,0.1174,0.4,0.8,0.2,0.0,0.1
MYD15A2H_006_LaiStdDev_500m_doy2018185_aid0001,LaiStdDev_500m,aid0001,2018-07-04,32953113.0,0.0,2.2,"(0.0,2.2)",0.351,0.3543,0.1256,0.4,0.8,0.2,0.0,0.1
MYD15A2H_006_LaiStdDev_500m_doy2018193_aid0001,LaiStdDev_500m,aid0001,2018-07-12,32754264.0,0.0,2.3,"(0.0,2.3000000000000003)",0.3383,0.3545,0.1256,0.4,0.8,0.2,0.0,0.1
MYD15A2H_006_LaiStdDev_500m_doy2018201_aid0001,LaiStdDev_500m,aid0001,2018-07-20,31667485.0,0.0,2.2,"(0.0,2.2)",0.327,0.3459,0.1197,0.3,0.6,0.2,0.0,0.1
MYD15A2H_006_LaiStdDev_500m_doy2018209_aid0001,LaiStdDev_500m,aid0001,2018-07-28,32125759.0,0.0,2.3,"(0.0,2.3000000000000003)",0.3192,0.3415,0.1166,0.3,0.6,0.2,0.0,0.1
MYD15A2H_006_LaiStdDev_500m_doy2018217_aid0001,LaiStdDev_500m,aid0001,2018-08-05,33395532.0,0.0,2.4,"(0.0,2.4000000000000004)",0.342,0.3583,0.1284,0.4,0.8,0.2,0.0,0.1
MYD15A2H_006_LaiStdDev_500m_doy2018225_aid0001,LaiStdDev_500m,aid0001,2018-08-13,32458383.0,0.0,2.3,"(0.0,2.3000000000000003)",0.3083,0.3518,0.1238,0.3,0.6,0.2,0.0,0.1
MYD15A2H_006_LaiStdDev_500m_doy2018233_aid0001,LaiStdDev_500m,aid0001,2018-08-21,33913959.0,0.0,2.3,"(0.0,2.3000000000000003)",0.338,0.3723,0.1386,0.3,0.6,0.2,0.0,0.1
MYD15A2H_006_LaiStdDev_500m_doy2018241_aid0001,LaiStdDev_500m,aid0001,2018-08-29,33517228.0,0.0,2.3,"(0.0,2.3000000000000003)",0.2995,0.3621,0.1311,0.3,0.6,0.2,0.0,0.1
MYD15A2H_006_Lai_500m_doy2002185_aid0001,Lai_500m,aid0001,2002-07-04,34868461.0,0.0,7.0,"(0.0,7.0)",1.9414,1.8017,3.2459,2.7,6.0,1.4,0.0,0.5
MYD15A2H_006_Lai_500m_doy2002193_aid0001,Lai_500m,aid0001,2002-07-12,34868461.0,0.0,7.0,"(0.0,7.0)",1.9015,1.7801,3.1686,2.7,6.0,1.3,0.0,0.5
MYD15A2H_006_Lai_500m_doy2002201_aid0001,Lai_500m,aid0001,2002-07-20,34868461.0,0.0,7.0,"(0.0,7.0)",1.852,1.7525,3.0712,2.6,5.7,1.3,0.0,0.5
MYD15A2H_006_Lai_500m_doy2002209_aid0001,Lai_500m,aid0001,2002-07-28,30988485.0,0.0,7.0,"(0.0,7.0)",1.4046,1.6343,2.6708,1.9,4.3,0.7,0.0,0.3
MYD15A2H_006_Lai_500m_doy2002217_aid0001,Lai_500m,aid0001,2002-08-05,34868461.0,0.0,7.0,"(0.0,7.0)",1.8223,1.749,3.059,2.6,5.9,1.2,0.0,0.4
MYD15A2H_006_Lai_500m_doy2002225_aid0001,Lai_500m,aid0001,2002-08-13,34868461.0,0.0,7.0,"(0.0,7.0)",1.7487,1.6869,2.8456,2.4,5.2,1.2,0.0,0.5
MYD15A2H_006_Lai_500m_doy2002233_aid0001,Lai_500m,aid0001,2002-08-21,34868461.0,0.0,7.0,"(0.0,7.0)",1.7251,1.6721,2.796,2.4,5.4,1.1,0.0,0.4
MYD15A2H_006_Lai_500m_doy2002241_aid0001,Lai_500m,aid0001,2002-08-29,34868461.0,0.0,7.0,"(0.0,7.0)",1.6958,1.6439,2.7026,2.3,5.1,1.1,0.0,0.4
MYD15A2H_006_Lai_500m_doy2003153_aid0001,Lai_500m,aid0001,2003-06-02,34868461.0,0.0,7.0,"(0.0,7.0)",1.6425,1.6116,2.5972,2.1,4.5,1.0,0.0,0.5
MYD15A2H_006_Lai_500m_doy2003161_aid0001,Lai_500m,aid0001,2003-06-10,34868461.0,0.0,7.0,"(0.0,7.0)",1.5332,1.4959,2.2377,1.9,4.0,1.0,0.0,0.5
MYD15A2H_006_Lai_500m_doy2003169_aid0001,Lai_500m,aid0001,2003-06-18,34868461.0,0.0,7.0,"(0.0,7.0)",1.9655,1.7848,3.1854,2.7,5.8,1.3,0.0,0.6
MYD15A2H_006_Lai_500m_doy2003177_aid0001,Lai_500m,aid0001,2003-06-26,34868461.0,0.0,7.0,"(0.0,7.0)",1.9025,1.6997,2.889,2.5,5.3,1.4,0.0,0.6
MYD15A2H_006_Lai_500m_doy2003185_aid0001,Lai_500m,aid0001,2003-07-04,34868461.0,0.0,7.0,"(0.0,7.0)",1.8862,1.6971,2.8803,2.5,5.3,1.4,0.0,0.6
MYD15A2H_006_Lai_500m_doy2003193_aid0001,Lai_500m,aid0001,2003-07-12,34868461.0,0.0,7.0,"(0.0,7.0)",1.9908,1.7756,3.1526,2.8,6.1,1.5,0.0,0.6
MYD15A2H_006_Lai_500m_doy2003201_aid0001,Lai_500m,aid0001,2003-07-20,34868461.0,0.0,7.0,"(0.0,7.0)",1.9194,1.7727,3.1424,2.7,6.0,1.3,0.0,0.5
MYD15A2H_006_Lai_500m_doy2003209_aid0001,Lai_500m,aid0001,2003-07-28,34868461.0,0.0,7.0,"(0.0,7.0)",1.8074,1.7212,2.9625,2.5,5.5,1.2,0.0,0.5
MYD15A2H_006_Lai_500m_doy2003217_aid0001,Lai_500m,aid0001,2003-08-05,34868461.0,0.0,7.0,"(0.0,7.0)",1.6963,1.6958,2.8756,2.3,5.0,1.1,0.0,0.5
MYD15A2H_006_Lai_500m_doy2003225_aid0001,Lai_500m,aid0001,2003-08-13,34868461.0,0.0,7.0,"(0.0,7.0)",1.8699,1.7699,3.1326,2.7,6.0,1.2,0.0,0.5
MYD15A2H_006_Lai_500m_doy2003233_aid0001,Lai_500m,aid0001,2003-08-21,34868461.0,0.0,7.0,"(0.0,7.0)",1.8216,1.7529,3.0728,2.6,5.9,1.2,0.0,0.4
MYD15A2H_006_Lai_500m_doy2003241_aid0001,Lai_500m,aid0001,2003-08-29,34868461.0,0.0,7.0,"(0.0,7.0)",1.5088,1.5346,2.3551,2.0,4.4,1.0,0.0,0.4
MYD15A2H_006_Lai_500m_doy2004153_aid0001,Lai_500m,aid0001,2004-06-01,34869168.0,0.0,7.0,"(0.0,7.0)",1.6646,1.6358,2.6758,2.1,4.5,1.1,0.0,0.5
MYD15A2H_006_Lai_500m_doy2004161_aid0001,Lai_500m,aid0001,2004-06-09,34869168.0,0.0,7.0,"(0.0,7.0)",1.7214,1.6866,2.8447,2.2,4.7,1.1,0.0,0.5
MYD15A2H_006_Lai_500m_doy2004169_aid0001,Lai_500m,aid0001,2004-06-17,34869168.0,0.0,7.0,"(0.0,7.0)",1.8529,1.7238,2.9714,2.5,5.5,1.3,0.0,0.5
MYD15A2H_006_Lai_500m_doy2004177_aid0001,Lai_500m,aid0001,2004-06-25,34869168.0,0.0,7.0,"(0.0,7.0)",1.7265,1.6371,2.6802,2.2,4.7,1.2,0.0,0.5
MYD15A2H_006_Lai_500m_doy2004185_aid0001,Lai_500m,aid0001,2004-07-03,34869168.0,0.0,7.0,"(0.0,7.0)",1.9196,1.6952,2.8739,2.6,5.6,1.4,0.0,0.6
MYD15A2H_006_Lai_500m_doy2004193_aid0001,Lai_500m,aid0001,2004-07-11,34869168.0,0.0,7.0,"(0.0,7.0)",1.9913,1.736,3.0138,2.8,6.1,1.5,0.0,0.6
MYD15A2H_006_Lai_500m_doy2004201_aid0001,Lai_500m,aid0001,2004-07-19,34869168.0,0.0,7.0,"(0.0,7.0)",2.0296,1.7927,3.2137,2.9,6.3,1.5,0.0,0.6
MYD15A2H_006_Lai_500m_doy2004209_aid0001,Lai_500m,aid0001,2004-07-27,34869168.0,0.0,7.0,"(0.0,7.0)",2.0353,1.7806,3.1706,2.9,6.3,1.5,0.0,0.6
MYD15A2H_006_Lai_500m_doy2004217_aid0001,Lai_500m,aid0001,2004-08-04,34869168.0,0.0,7.0,"(0.0,7.0)",1.9783,1.7342,3.0075,2.8,6.1,1.4,0.0,0.6
MYD15A2H_006_Lai_500m_doy2004225_aid0001,Lai_500m,aid0001,2004-08-12,34869168.0,0.0,7.0,"(0.0,7.0)",1.8576,1.6991,2.8869,2.6,5.7,1.3,0.0,0.5
MYD15A2H_006_Lai_500m_doy2004233_aid0001,Lai_500m,aid0001,2004-08-20,34869168.0,0.0,7.0,"(0.0,7.0)",1.7357,1.6355,2.6748,2.4,5.2,1.2,0.0,0.5
MYD15A2H_006_Lai_500m_doy2004241_aid0001,Lai_500m,aid0001,2004-08-28,34869168.0,0.0,7.0,"(0.0,7.0)",1.728,1.6029,2.5691,2.3,5.0,1.2,0.0,0.5
MYD15A2H_006_Lai_500m_doy2005153_aid0001,Lai_500m,aid0001,2005-06-02,34869168.0,0.0,7.0,"(0.0,7.0)",1.7016,1.6435,2.7011,2.1,4.3,1.1,0.0,0.6
MYD15A2H_006_Lai_500m_doy2005161_aid0001,Lai_500m,aid0001,2005-06-10,34869168.0,0.0,7.0,"(0.0,7.0)",1.8248,1.6666,2.7774,2.3,4.7,1.2,0.0,0.7
MYD15A2H_006_Lai_500m_doy2005169_aid0001,Lai_500m,aid0001,2005-06-18,34869168.0,0.0,7.0,"(0.0,7.0)",2.0623,1.7805,3.1702,2.8,5.9,1.4,0.0,0.7
MYD15A2H_006_Lai_500m_doy2005177_aid0001,Lai_500m,aid0001,2005-06-26,34869168.0,0.0,7.0,"(0.0,7.0)",2.0138,1.7565,3.0853,2.7,5.7,1.4,0.0,0.7
MYD15A2H_006_Lai_500m_doy2005185_aid0001,Lai_500m,aid0001,2005-07-04,34869168.0,0.0,7.0,"(0.0,7.0)",1.984,1.7054,2.9085,2.7,5.7,1.5,0.0,0.7
MYD15A2H_006_Lai_500m_doy2005193_aid0001,Lai_500m,aid0001,2005-07-12,34869168.0,0.0,7.0,"(0.0,7.0)",1.9626,1.749,3.0588,2.7,5.8,1.4,0.0,0.6
MYD15A2H_006_Lai_500m_doy2005201_aid0001,Lai_500m,aid0001,2005-07-20,34869168.0,0.0,7.0,"(0.0,7.0)",2.1108,1.8373,3.3756,3.1,6.8,1.5,0.0,0.6
MYD15A2H_006_Lai_500m_doy2005209_aid0001,Lai_500m,aid0001,2005-07-28,34869168.0,0.0,7.0,"(0.0,7.0)",2.0745,1.8424,3.3945,3.0,6.6,1.5,0.0,0.6
MYD15A2H_006_Lai_500m_doy2005217_aid0001,Lai_500m,aid0001,2005-08-05,34869168.0,0.0,7.0,"(0.0,7.0)",1.9561,1.7914,3.209,2.8,6.2,1.3,0.0,0.5
MYD15A2H_006_Lai_500m_doy2005225_aid0001,Lai_500m,aid0001,2005-08-13,34869168.0,0.0,7.0,"(0.0,7.0)",1.9231,1.7251,2.9761,2.7,6.0,1.4,0.0,0.5
MYD15A2H_006_Lai_500m_doy2005233_aid0001,Lai_500m,aid0001,2005-08-21,34869168.0,0.0,7.0,"(0.0,7.0)",1.9009,1.6886,2.8514,2.6,5.6,1.4,0.0,0.6
MYD15A2H_006_Lai_500m_doy2005241_aid0001,Lai_500m,aid0001,2005-08-29,34869168.0,0.0,7.0,"(0.0,7.0)",1.821,1.6332,2.6673,2.5,5.5,1.3,0.0,0.5
MYD15A2H_006_Lai_500m_doy2006153_aid0001,Lai_500m,aid0001,2006-06-02,34869168.0,0.0,7.0,"(0.0,7.0)",1.668,1.6713,2.7931,2.2,4.7,1.0,0.0,0.5
MYD15A2H_006_Lai_500m_doy2006161_aid0001,Lai_500m,aid0001,2006-06-10,34869168.0,0.0,7.0,"(0.0,7.0)",1.7799,1.7356,3.0123,2.4,5.2,1.1,0.0,0.5
MYD15A2H_006_Lai_500m_doy2006169_aid0001,Lai_500m,aid0001,2006-06-18,34869168.0,0.0,7.0,"(0.0,7.0)",1.8553,1.7319,2.9996,2.5,5.5,1.2,0.0,0.5
MYD15A2H_006_Lai_500m_doy2006177_aid0001,Lai_500m,aid0001,2006-06-26,34869168.0,0.0,7.0,"(0.0,7.0)",1.9402,1.7858,3.1892,2.7,6.0,1.4,0.0,0.5
MYD15A2H_006_Lai_500m_doy2006185_aid0001,Lai_500m,aid0001,2006-07-04,34869168.0,0.0,7.0,"(0.0,7.0)",1.847,1.7084,2.9187,2.5,5.5,1.3,0.0,0.5
MYD15A2H_006_Lai_500m_doy2006193_aid0001,Lai_500m,aid0001,2006-07-12,34869168.0,0.0,7.0,"(0.0,7.0)",2.0626,1.8396,3.3842,3.0,6.7,1.5,0.0,0.5
MYD15A2H_006_Lai_500m_doy2006201_aid0001,Lai_500m,aid0001,2006-07-20,34869168.0,0.0,7.0,"(0.0,7.0)",1.8904,1.7753,3.1517,2.7,6.0,1.3,0.0,0.5
MYD15A2H_006_Lai_500m_doy2006209_aid0001,Lai_500m,aid0001,2006-07-28,34869168.0,0.0,7.0,"(0.0,7.0)",1.9561,1.8147,3.2932,2.9,6.5,1.3,0.0,0.5
MYD15A2H_006_Lai_500m_doy2006217_aid0001,Lai_500m,aid0001,2006-08-05,34869168.0,0.0,7.0,"(0.0,7.0)",1.8483,1.7501,3.063,2.6,5.7,1.2,0.0,0.5
MYD15A2H_006_Lai_500m_doy2006225_aid0001,Lai_500m,aid0001,2006-08-13,34869168.0,0.0,7.0,"(0.0,7.0)",1.8468,1.7395,3.0258,2.7,6.0,1.2,0.0,0.5
MYD15A2H_006_Lai_500m_doy2006233_aid0001,Lai_500m,aid0001,2006-08-21,34869168.0,0.0,7.0,"(0.0,7.0)",1.7444,1.6421,2.6965,2.4,5.2,1.2,0.0,0.5
MYD15A2H_006_Lai_500m_doy2006241_aid0001,Lai_500m,aid0001,2006-08-29,34869168.0,0.0,7.0,"(0.0,7.0)",1.5411,1.5262,2.3294,2.1,4.6,1.0,0.0,0.4
MYD15A2H_006_Lai_500m_doy2007153_aid0001,Lai_500m,aid0001,2007-06-02,34869958.0,0.0,7.0,"(0.0,7.0)",1.7618,1.6124,2.5999,2.2,4.6,1.2,0.0,0.6
MYD15A2H_006_Lai_500m_doy2007161_aid0001,Lai_500m,aid0001,2007-06-10,34869958.0,0.0,7.0,"(0.0,7.0)",1.8578,1.6739,2.8021,2.4,4.9,1.3,0.0,0.7
MYD15A2H_006_Lai_500m_doy2007169_aid0001,Lai_500m,aid0001,2007-06-18,34869958.0,0.0,7.0,"(0.0,7.0)",1.9603,1.703,2.9002,2.6,5.4,1.4,0.0,0.7
MYD15A2H_006_Lai_500m_doy2007177_aid0001,Lai_500m,aid0001,2007-06-26,34869958.0,0.0,7.0,"(0.0,7.0)",1.8701,1.6855,2.8408,2.4,5.1,1.4,0.0,0.6
MYD15A2H_006_Lai_500m_doy2007185_aid0001,Lai_500m,aid0001,2007-07-04,34869958.0,0.0,7.0,"(0.0,7.0)",1.9664,1.7183,2.9524,2.7,5.8,1.5,0.0,0.6
MYD15A2H_006_Lai_500m_doy2007193_aid0001,Lai_500m,aid0001,2007-07-12,34869958.0,0.0,7.0,"(0.0,7.0)",1.9022,1.6736,2.8009,2.5,5.3,1.4,0.0,0.6
MYD15A2H_006_Lai_500m_doy2007201_aid0001,Lai_500m,aid0001,2007-07-20,34869958.0,0.0,7.0,"(0.0,7.0)",1.9713,1.768,3.1258,2.8,6.2,1.4,0.0,0.5
MYD15A2H_006_Lai_500m_doy2007209_aid0001,Lai_500m,aid0001,2007-07-28,34869958.0,0.0,7.0,"(0.0,7.0)",2.0349,1.8309,3.3521,2.9,6.5,1.5,0.0,0.5
MYD15A2H_006_Lai_500m_doy2007217_aid0001,Lai_500m,aid0001,2007-08-05,34869958.0,0.0,7.0,"(0.0,7.0)",1.9747,1.7114,2.9287,2.8,6.1,1.5,0.0,0.6
MYD15A2H_006_Lai_500m_doy2007225_aid0001,Lai_500m,aid0001,2007-08-13,34869958.0,0.0,7.0,"(0.0,7.0)",1.8799,1.671,2.7921,2.6,5.7,1.4,0.0,0.5
MYD15A2H_006_Lai_500m_doy2007233_aid0001,Lai_500m,aid0001,2007-08-21,34869958.0,0.0,7.0,"(0.0,7.0)",1.7513,1.6014,2.5645,2.3,5.0,1.3,0.0,0.5
MYD15A2H_006_Lai_500m_doy2007241_aid0001,Lai_500m,aid0001,2007-08-29,34869958.0,0.0,7.0,"(0.0,7.0)",1.7559,1.657,2.7456,2.4,5.2,1.2,0.0,0.5
MYD15A2H_006_Lai_500m_doy2008153_aid0001,Lai_500m,aid0001,2008-06-01,34869958.0,0.0,7.0,"(0.0,7.0)",1.5932,1.6392,2.6871,2.1,4.6,1.0,0.0,0.4
MYD15A2H_006_Lai_500m_doy2008161_aid0001,Lai_500m,aid0001,2008-06-09,34869958.0,0.0,7.0,"(0.0,7.0)",1.8156,1.7443,3.0427,2.4,5.1,1.1,0.0,0.6
MYD15A2H_006_Lai_500m_doy2008169_aid0001,Lai_500m,aid0001,2008-06-17,34869958.0,0.0,7.0,"(0.0,7.0)",1.7836,1.669,2.7857,2.4,5.1,1.2,0.0,0.6
MYD15A2H_006_Lai_500m_doy2008177_aid0001,Lai_500m,aid0001,2008-06-25,34869958.0,0.0,7.0,"(0.0,7.0)",1.8754,1.7092,2.9215,2.5,5.3,1.3,0.0,0.6
MYD15A2H_006_Lai_500m_doy2008185_aid0001,Lai_500m,aid0001,2008-07-03,34869958.0,0.0,7.0,"(0.0,7.0)",1.8864,1.7027,2.8993,2.5,5.3,1.4,0.0,0.6
MYD15A2H_006_Lai_500m_doy2008193_aid0001,Lai_500m,aid0001,2008-07-11,34869958.0,0.0,7.0,"(0.0,7.0)",2.0814,1.817,3.3013,3.0,6.6,1.5,0.0,0.6
MYD15A2H_006_Lai_500m_doy2008201_aid0001,Lai_500m,aid0001,2008-07-19,34869958.0,0.0,7.0,"(0.0,7.0)",2.0187,1.7822,3.1762,2.9,6.3,1.4,0.0,0.6
MYD15A2H_006_Lai_500m_doy2008209_aid0001,Lai_500m,aid0001,2008-07-27,34869958.0,0.0,7.0,"(0.0,7.0)",2.0053,1.755,3.0801,2.9,6.3,1.5,0.0,0.6
MYD15A2H_006_Lai_500m_doy2008217_aid0001,Lai_500m,aid0001,2008-08-04,34869958.0,0.0,7.0,"(0.0,7.0)",1.9297,1.7479,3.0553,2.7,6.0,1.3,0.0,0.5
MYD15A2H_006_Lai_500m_doy2008225_aid0001,Lai_500m,aid0001,2008-08-12,34869958.0,0.0,7.0,"(0.0,7.0)",1.8639,1.7058,2.9096,2.6,5.7,1.3,0.0,0.5
MYD15A2H_006_Lai_500m_doy2008233_aid0001,Lai_500m,aid0001,2008-08-20,34869958.0,0.0,7.0,"(0.0,7.0)",1.8081,1.6634,2.7669,2.5,5.5,1.2,0.0,0.5
MYD15A2H_006_Lai_500m_doy2008241_aid0001,Lai_500m,aid0001,2008-08-28,34869958.0,0.0,7.0,"(0.0,7.0)",1.8576,1.6798,2.8217,2.6,5.7,1.3,0.0,0.5
MYD15A2H_006_Lai_500m_doy2009153_aid0001,Lai_500m,aid0001,2009-06-02,34869958.0,0.0,7.0,"(0.0,7.0)",1.6395,1.6273,2.6481,2.1,4.5,1.0,0.0,0.5
MYD15A2H_006_Lai_500m_doy2009161_aid0001,Lai_500m,aid0001,2009-06-10,34869958.0,0.0,7.0,"(0.0,7.0)",1.6239,1.6311,2.6604,2.1,4.5,1.0,0.0,0.5
MYD15A2H_006_Lai_500m_doy2009169_aid0001,Lai_500m,aid0001,2009-06-18,34869958.0,0.0,7.0,"(0.0,7.0)",1.8813,1.7073,2.915,2.5,5.3,1.3,0.0,0.6
MYD15A2H_006_Lai_500m_doy2009177_aid0001,Lai_500m,aid0001,2009-06-26,34869958.0,0.0,7.0,"(0.0,7.0)",1.904,1.7003,2.8909,2.6,5.6,1.4,0.0,0.6
MYD15A2H_006_Lai_500m_doy2009185_aid0001,Lai_500m,aid0001,2009-07-04,34869958.0,0.0,7.0,"(0.0,7.0)",1.9254,1.6918,2.8623,2.6,5.6,1.4,0.0,0.6
MYD15A2H_006_Lai_500m_doy2009193_aid0001,Lai_500m,aid0001,2009-07-12,34869958.0,0.0,7.0,"(0.0,7.0)",1.9729,1.6994,2.8878,2.7,5.8,1.5,0.0,0.6
MYD15A2H_006_Lai_500m_doy2009201_aid0001,Lai_500m,aid0001,2009-07-20,34869958.0,0.0,7.0,"(0.0,7.0)",1.9204,1.7088,2.9199,2.7,5.8,1.4,0.0,0.6
MYD15A2H_006_Lai_500m_doy2009209_aid0001,Lai_500m,aid0001,2009-07-28,34869958.0,0.0,7.0,"(0.0,7.0)",1.9537,1.7304,2.9943,2.7,5.8,1.4,0.0,0.6
MYD15A2H_006_Lai_500m_doy2009217_aid0001,Lai_500m,aid0001,2009-08-05,34869958.0,0.0,7.0,"(0.0,7.0)",1.9714,1.7337,3.0058,2.8,6.1,1.4,0.0,0.6
MYD15A2H_006_Lai_500m_doy2009225_aid0001,Lai_500m,aid0001,2009-08-13,34869958.0,0.0,7.0,"(0.0,7.0)",1.8985,1.7145,2.9395,2.7,6.0,1.3,0.0,0.5
MYD15A2H_006_Lai_500m_doy2009233_aid0001,Lai_500m,aid0001,2009-08-21,34869958.0,0.0,7.0,"(0.0,7.0)",1.8972,1.7065,2.912,2.7,6.0,1.3,0.0,0.5
MYD15A2H_006_Lai_500m_doy2009241_aid0001,Lai_500m,aid0001,2009-08-29,34869958.0,0.0,7.0,"(0.0,7.0)",1.8076,1.6959,2.8761,2.5,5.5,1.2,0.0,0.5
MYD15A2H_006_Lai_500m_doy2010153_aid0001,Lai_500m,aid0001,2010-06-02,34870625.0,0.0,7.0,"(0.0,7.0)",1.6915,1.6122,2.5991,2.1,4.3,1.1,0.0,0.6
MYD15A2H_006_Lai_500m_doy2010161_aid0001,Lai_500m,aid0001,2010-06-10,34870625.0,0.0,7.0,"(0.0,7.0)",1.8494,1.6759,2.8085,2.4,4.9,1.2,0.0,0.7
MYD15A2H_006_Lai_500m_doy2010169_aid0001,Lai_500m,aid0001,2010-06-18,34870625.0,0.0,7.0,"(0.0,7.0)",2.0342,1.7393,3.0252,2.7,5.7,1.5,0.0,0.7
MYD15A2H_006_Lai_500m_doy2010177_aid0001,Lai_500m,aid0001,2010-06-26,34870625.0,0.0,7.0,"(0.0,7.0)",2.061,1.7629,3.1077,2.8,5.9,1.5,0.0,0.7
MYD15A2H_006_Lai_500m_doy2010185_aid0001,Lai_500m,aid0001,2010-07-04,34870625.0,0.0,7.0,"(0.0,7.0)",2.0837,1.7516,3.068,2.9,6.2,1.5,0.0,0.7
MYD15A2H_006_Lai_500m_doy2010193_aid0001,Lai_500m,aid0001,2010-07-12,34870625.0,0.0,7.0,"(0.0,7.0)",2.0907,1.7105,2.926,2.9,6.2,1.6,0.0,0.7
MYD15A2H_006_Lai_500m_doy2010201_aid0001,Lai_500m,aid0001,2010-07-20,34870625.0,0.0,7.0,"(0.0,7.0)",2.1186,1.7522,3.0704,3.0,6.4,1.6,0.0,0.7
MYD15A2H_006_Lai_500m_doy2010209_aid0001,Lai_500m,aid0001,2010-07-28,34870625.0,0.0,7.0,"(0.0,7.0)",2.0941,1.7722,3.1405,3.0,6.4,1.5,0.0,0.7
MYD15A2H_006_Lai_500m_doy2010217_aid0001,Lai_500m,aid0001,2010-08-05,34870625.0,0.0,7.0,"(0.0,7.0)",2.057,1.7421,3.0349,2.9,6.2,1.5,0.0,0.7
MYD15A2H_006_Lai_500m_doy2010225_aid0001,Lai_500m,aid0001,2010-08-13,34870625.0,0.0,7.0,"(0.0,7.0)",1.9514,1.682,2.829,2.7,5.8,1.4,0.0,0.6
MYD15A2H_006_Lai_500m_doy2010233_aid0001,Lai_500m,aid0001,2010-08-21,34870625.0,0.0,7.0,"(0.0,7.0)",1.9143,1.6764,2.8104,2.7,5.8,1.4,0.0,0.6
MYD15A2H_006_Lai_500m_doy2010241_aid0001,Lai_500m,aid0001,2010-08-29,34870625.0,0.0,7.0,"(0.0,7.0)",1.7982,1.6376,2.6817,2.4,5.2,1.2,0.0,0.5
MYD15A2H_006_Lai_500m_doy2011153_aid0001,Lai_500m,aid0001,2011-06-02,34870625.0,0.0,7.0,"(0.0,7.0)",1.805,1.7718,3.1394,2.5,5.5,1.1,0.0,0.5
MYD15A2H_006_Lai_500m_doy2011161_aid0001,Lai_500m,aid0001,2011-06-10,34870625.0,0.0,7.0,"(0.0,7.0)",1.7278,1.6951,2.8732,2.3,5.0,1.1,0.0,0.5
MYD15A2H_006_Lai_500m_doy2011169_aid0001,Lai_500m,aid0001,2011-06-18,34870625.0,0.0,7.0,"(0.0,7.0)",1.6807,1.6179,2.6175,2.2,4.7,1.1,0.0,0.5
MYD15A2H_006_Lai_500m_doy2011177_aid0001,Lai_500m,aid0001,2011-06-26,34870625.0,0.0,7.0,"(0.0,7.0)",1.9749,1.758,3.0905,2.7,5.8,1.4,0.0,0.6
MYD15A2H_006_Lai_500m_doy2011185_aid0001,Lai_500m,aid0001,2011-07-04,34870625.0,0.0,7.0,"(0.0,7.0)",2.0354,1.7955,3.2237,2.8,6.1,1.5,0.0,0.6
MYD15A2H_006_Lai_500m_doy2011193_aid0001,Lai_500m,aid0001,2011-07-12,34870625.0,0.0,7.0,"(0.0,7.0)",1.9524,1.7378,3.02,2.7,6.0,1.4,0.0,0.5
MYD15A2H_006_Lai_500m_doy2011201_aid0001,Lai_500m,aid0001,2011-07-20,34870625.0,0.0,7.0,"(0.0,7.0)",2.0568,1.8172,3.302,3.0,6.7,1.5,0.0,0.5
MYD15A2H_006_Lai_500m_doy2011209_aid0001,Lai_500m,aid0001,2011-07-28,34870625.0,0.0,7.0,"(0.0,7.0)",2.0653,1.8265,3.3359,3.0,6.7,1.5,0.0,0.5
MYD15A2H_006_Lai_500m_doy2011217_aid0001,Lai_500m,aid0001,2011-08-05,34870625.0,0.0,7.0,"(0.0,7.0)",1.9666,1.764,3.1117,2.8,6.2,1.4,0.0,0.5
MYD15A2H_006_Lai_500m_doy2011225_aid0001,Lai_500m,aid0001,2011-08-13,34870625.0,0.0,7.0,"(0.0,7.0)",1.9844,1.7817,3.1744,2.9,6.5,1.4,0.0,0.5
MYD15A2H_006_Lai_500m_doy2011233_aid0001,Lai_500m,aid0001,2011-08-21,34870625.0,0.0,7.0,"(0.0,7.0)",1.9288,1.7454,3.0464,2.8,6.2,1.4,0.0,0.5
MYD15A2H_006_Lai_500m_doy2011241_aid0001,Lai_500m,aid0001,2011-08-29,34870625.0,0.0,7.0,"(0.0,7.0)",1.7516,1.6245,2.639,2.4,5.2,1.2,0.0,0.5
MYD15A2H_006_Lai_500m_doy2012153_aid0001,Lai_500m,aid0001,2012-06-01,34870625.0,0.0,7.0,"(0.0,7.0)",1.6367,1.6435,2.7009,2.1,4.5,1.0,0.0,0.5
MYD15A2H_006_Lai_500m_doy2012161_aid0001,Lai_500m,aid0001,2012-06-09,34870625.0,0.0,7.0,"(0.0,7.0)",1.7603,1.6767,2.8112,2.3,5.0,1.2,0.0,0.5
MYD15A2H_006_Lai_500m_doy2012169_aid0001,Lai_500m,aid0001,2012-06-17,34870625.0,0.0,7.0,"(0.0,7.0)",1.8778,1.746,3.0486,2.5,5.5,1.3,0.0,0.5
MYD15A2H_006_Lai_500m_doy2012177_aid0001,Lai_500m,aid0001,2012-06-25,34870625.0,0.0,7.0,"(0.0,7.0)",1.9898,1.8122,3.2841,2.8,6.2,1.4,0.0,0.5
MYD15A2H_006_Lai_500m_doy2012185_aid0001,Lai_500m,aid0001,2012-07-03,34870625.0,0.0,7.0,"(0.0,7.0)",1.9106,1.761,3.1013,2.7,6.0,1.3,0.0,0.5
MYD15A2H_006_Lai_500m_doy2012193_aid0001,Lai_500m,aid0001,2012-07-11,34870625.0,0.0,7.0,"(0.0,7.0)",1.809,1.7115,2.9294,2.5,5.5,1.2,0.0,0.5
MYD15A2H_006_Lai_500m_doy2012201_aid0001,Lai_500m,aid0001,2012-07-19,34870625.0,0.0,7.0,"(0.0,7.0)",1.8995,1.7717,3.1388,2.7,6.0,1.3,0.0,0.5
MYD15A2H_006_Lai_500m_doy2012209_aid0001,Lai_500m,aid0001,2012-07-27,34870625.0,0.0,7.0,"(0.0,7.0)",1.8661,1.7678,3.125,2.7,6.0,1.2,0.0,0.5
MYD15A2H_006_Lai_500m_doy2012217_aid0001,Lai_500m,aid0001,2012-08-04,34870625.0,0.0,7.0,"(0.0,7.0)",1.7921,1.7347,3.009,2.5,5.5,1.1,0.0,0.5
MYD15A2H_006_Lai_500m_doy2012225_aid0001,Lai_500m,aid0001,2012-08-12,34870625.0,0.0,7.0,"(0.0,7.0)",1.6998,1.6513,2.7266,2.4,5.4,1.1,0.0,0.4
MYD15A2H_006_Lai_500m_doy2012233_aid0001,Lai_500m,aid0001,2012-08-20,34870625.0,0.0,7.0,"(0.0,7.0)",1.7087,1.6731,2.7993,2.4,5.4,1.1,0.0,0.4
MYD15A2H_006_Lai_500m_doy2012241_aid0001,Lai_500m,aid0001,2012-08-28,34870625.0,0.0,7.0,"(0.0,7.0)",1.5917,1.6062,2.58,2.1,4.6,1.0,0.0,0.4
MYD15A2H_006_Lai_500m_doy2013153_aid0001,Lai_500m,aid0001,2013-06-02,34870625.0,0.0,7.0,"(0.0,7.0)",1.6153,1.6495,2.7208,2.1,4.5,1.0,0.0,0.5
MYD15A2H_006_Lai_500m_doy2013161_aid0001,Lai_500m,aid0001,2013-06-10,34870625.0,0.0,7.0,"(0.0,7.0)",1.769,1.7046,2.9056,2.4,5.2,1.1,0.0,0.5
MYD15A2H_006_Lai_500m_doy2013169_aid0001,Lai_500m,aid0001,2013-06-18,34870625.0,0.0,7.0,"(0.0,7.0)",1.7821,1.7268,2.9818,2.3,5.0,1.2,0.0,0.5
MYD15A2H_006_Lai_500m_doy2013177_aid0001,Lai_500m,aid0001,2013-06-26,34870625.0,0.0,7.0,"(0.0,7.0)",1.773,1.6689,2.7851,2.3,5.0,1.2,0.0,0.5
MYD15A2H_006_Lai_500m_doy2013185_aid0001,Lai_500m,aid0001,2013-07-04,34870625.0,0.0,7.0,"(0.0,7.0)",1.8643,1.7399,3.0272,2.5,5.5,1.3,0.0,0.5
MYD15A2H_006_Lai_500m_doy2013193_aid0001,Lai_500m,aid0001,2013-07-12,34870625.0,0.0,7.0,"(0.0,7.0)",1.9932,1.8139,3.2903,2.8,6.2,1.4,0.0,0.5
MYD15A2H_006_Lai_500m_doy2013201_aid0001,Lai_500m,aid0001,2013-07-20,34870544.0,0.0,7.0,"(0.0,7.0)",1.9464,1.7713,3.1376,2.7,6.0,1.4,0.0,0.5
MYD15A2H_006_Lai_500m_doy2013209_aid0001,Lai_500m,aid0001,2013-07-28,34870625.0,0.0,7.0,"(0.0,7.0)",1.885,1.7183,2.9525,2.6,5.6,1.3,0.0,0.6
MYD15A2H_006_Lai_500m_doy2013217_aid0001,Lai_500m,aid0001,2013-08-05,34870625.0,0.0,7.0,"(0.0,7.0)",1.9275,1.7409,3.0308,2.7,5.8,1.3,0.0,0.6
MYD15A2H_006_Lai_500m_doy2013225_aid0001,Lai_500m,aid0001,2013-08-13,34870625.0,0.0,7.0,"(0.0,7.0)",1.8905,1.7156,2.9433,2.7,5.8,1.3,0.0,0.6
MYD15A2H_006_Lai_500m_doy2013233_aid0001,Lai_500m,aid0001,2013-08-21,34870625.0,0.0,7.0,"(0.0,7.0)",1.914,1.7255,2.9773,2.8,6.2,1.4,0.0,0.5
MYD15A2H_006_Lai_500m_doy2013241_aid0001,Lai_500m,aid0001,2013-08-29,34870625.0,0.0,7.0,"(0.0,7.0)",1.8083,1.6384,2.6843,2.5,5.5,1.3,0.0,0.5
MYD15A2H_006_Lai_500m_doy2014153_aid0001,Lai_500m,aid0001,2014-06-02,34870625.0,0.0,7.0,"(0.0,7.0)",1.6373,1.617,2.6146,2.1,4.5,1.0,0.0,0.5
MYD15A2H_006_Lai_500m_doy2014161_aid0001,Lai_500m,aid0001,2014-06-10,34870625.0,0.0,7.0,"(0.0,7.0)",1.8131,1.7139,2.9375,2.4,5.1,1.2,0.0,0.6
MYD15A2H_006_Lai_500m_doy2014169_aid0001,Lai_500m,aid0001,2014-06-18,34870625.0,0.0,7.0,"(0.0,7.0)",1.7872,1.6633,2.7665,2.3,4.8,1.2,0.0,0.6
MYD15A2H_006_Lai_500m_doy2014177_aid0001,Lai_500m,aid0001,2014-06-26,34870625.0,0.0,7.0,"(0.0,7.0)",1.9353,1.6898,2.8554,2.6,5.4,1.4,0.0,0.7
MYD15A2H_006_Lai_500m_doy2014185_aid0001,Lai_500m,aid0001,2014-07-04,34870625.0,0.0,7.0,"(0.0,7.0)",2.0686,1.7799,3.1682,2.9,6.3,1.6,0.0,0.6
MYD15A2H_006_Lai_500m_doy2014193_aid0001,Lai_500m,aid0001,2014-07-12,34870625.0,0.0,7.0,"(0.0,7.0)",1.9561,1.7307,2.9955,2.7,5.8,1.4,0.0,0.6
MYD15A2H_006_Lai_500m_doy2014201_aid0001,Lai_500m,aid0001,2014-07-20,34870625.0,0.0,7.0,"(0.0,7.0)",2.0718,1.781,3.1719,3.0,6.6,1.5,0.0,0.6
MYD15A2H_006_Lai_500m_doy2014209_aid0001,Lai_500m,aid0001,2014-07-28,34870625.0,0.0,7.0,"(0.0,7.0)",1.9744,1.7748,3.1499,2.8,6.2,1.4,0.0,0.5
MYD15A2H_006_Lai_500m_doy2014217_aid0001,Lai_500m,aid0001,2014-08-05,34870625.0,0.0,7.0,"(0.0,7.0)",1.9186,1.7259,2.9789,2.7,5.8,1.4,0.0,0.6
MYD15A2H_006_Lai_500m_doy2014225_aid0001,Lai_500m,aid0001,2014-08-13,34870625.0,0.0,7.0,"(0.0,7.0)",1.9547,1.7383,3.0216,2.8,6.2,1.4,0.0,0.5
MYD15A2H_006_Lai_500m_doy2014233_aid0001,Lai_500m,aid0001,2014-08-21,34870625.0,0.0,7.0,"(0.0,7.0)",1.8981,1.7166,2.9468,2.7,6.0,1.3,0.0,0.5
MYD15A2H_006_Lai_500m_doy2014241_aid0001,Lai_500m,aid0001,2014-08-29,34870625.0,0.0,7.0,"(0.0,7.0)",1.755,1.6159,2.611,2.4,5.2,1.2,0.0,0.5
MYD15A2H_006_Lai_500m_doy2015153_aid0001,Lai_500m,aid0001,2015-06-02,34870594.0,0.0,7.0,"(0.0,7.0)",1.7626,1.6225,2.6326,2.2,4.6,1.2,0.0,0.6
MYD15A2H_006_Lai_500m_doy2015161_aid0001,Lai_500m,aid0001,2015-06-10,34870625.0,0.0,7.0,"(0.0,7.0)",1.8968,1.6883,2.8504,2.5,5.2,1.3,0.0,0.7
MYD15A2H_006_Lai_500m_doy2015169_aid0001,Lai_500m,aid0001,2015-06-18,34870625.0,0.0,7.0,"(0.0,7.0)",1.9117,1.6362,2.6772,2.5,5.2,1.4,0.0,0.7
MYD15A2H_006_Lai_500m_doy2015177_aid0001,Lai_500m,aid0001,2015-06-26,34870625.0,0.0,7.0,"(0.0,7.0)",1.9428,1.6737,2.8012,2.6,5.4,1.4,0.0,0.7
MYD15A2H_006_Lai_500m_doy2015185_aid0001,Lai_500m,aid0001,2015-07-04,34870625.0,0.0,7.0,"(0.0,7.0)",1.9244,1.6783,2.8167,2.6,5.6,1.4,0.0,0.6
MYD15A2H_006_Lai_500m_doy2015193_aid0001,Lai_500m,aid0001,2015-07-12,34870625.0,0.0,7.0,"(0.0,7.0)",2.1199,1.7906,3.2061,3.1,6.7,1.6,0.0,0.7
MYD15A2H_006_Lai_500m_doy2015201_aid0001,Lai_500m,aid0001,2015-07-20,34870625.0,0.0,7.0,"(0.0,7.0)",2.1143,1.7851,3.1866,3.1,6.7,1.6,0.0,0.7
MYD15A2H_006_Lai_500m_doy2015209_aid0001,Lai_500m,aid0001,2015-07-28,34870625.0,0.0,7.0,"(0.0,7.0)",2.1672,1.8255,3.3323,3.3,7.0,1.6,0.0,0.7
MYD15A2H_006_Lai_500m_doy2015217_aid0001,Lai_500m,aid0001,2015-08-05,34870625.0,0.0,7.0,"(0.0,7.0)",1.9304,1.7001,2.8902,2.7,5.8,1.4,0.0,0.6
MYD15A2H_006_Lai_500m_doy2015225_aid0001,Lai_500m,aid0001,2015-08-13,34870625.0,0.0,7.0,"(0.0,7.0)",1.9461,1.7074,2.9151,2.7,5.8,1.4,0.0,0.6
MYD15A2H_006_Lai_500m_doy2015233_aid0001,Lai_500m,aid0001,2015-08-21,34870625.0,0.0,7.0,"(0.0,7.0)",1.9247,1.6785,2.8173,2.7,5.8,1.4,0.0,0.6
MYD15A2H_006_Lai_500m_doy2015241_aid0001,Lai_500m,aid0001,2015-08-29,34870625.0,0.0,7.0,"(0.0,7.0)",1.6908,1.5931,2.5379,2.3,5.0,1.1,0.0,0.5
MYD15A2H_006_Lai_500m_doy2016153_aid0001,Lai_500m,aid0001,2016-06-01,34870625.0,0.0,7.0,"(0.0,7.0)",1.8336,1.6748,2.805,2.4,5.1,1.2,0.0,0.6
MYD15A2H_006_Lai_500m_doy2016161_aid0001,Lai_500m,aid0001,2016-06-09,34870625.0,0.0,7.0,"(0.0,7.0)",1.9336,1.7286,2.9882,2.6,5.4,1.3,0.0,0.7
MYD15A2H_006_Lai_500m_doy2016169_aid0001,Lai_500m,aid0001,2016-06-17,34870625.0,0.0,7.0,"(0.0,7.0)",2.0294,1.7595,3.0957,2.7,5.7,1.4,0.0,0.7
MYD15A2H_006_Lai_500m_doy2016177_aid0001,Lai_500m,aid0001,2016-06-25,34870612.0,0.0,7.0,"(0.0,7.0)",2.0193,1.7576,3.0892,2.7,5.7,1.5,0.0,0.7
MYD15A2H_006_Lai_500m_doy2016185_aid0001,Lai_500m,aid0001,2016-07-03,34870625.0,0.0,7.0,"(0.0,7.0)",1.9859,1.7307,2.9953,2.7,5.8,1.4,0.0,0.6
MYD15A2H_006_Lai_500m_doy2016193_aid0001,Lai_500m,aid0001,2016-07-11,34870625.0,0.0,7.0,"(0.0,7.0)",2.0831,1.7838,3.1821,3.0,6.6,1.5,0.0,0.6
MYD15A2H_006_Lai_500m_doy2016201_aid0001,Lai_500m,aid0001,2016-07-19,34870625.0,0.0,7.0,"(0.0,7.0)",2.1524,1.8539,3.4368,3.2,7.0,1.6,0.0,0.6
MYD15A2H_006_Lai_500m_doy2016209_aid0001,Lai_500m,aid0001,2016-07-27,34870625.0,0.0,7.0,"(0.0,7.0)",2.0289,1.8069,3.2648,2.9,6.3,1.4,0.0,0.6
MYD15A2H_006_Lai_500m_doy2016217_aid0001,Lai_500m,aid0001,2016-08-04,34870625.0,0.0,7.0,"(0.0,7.0)",1.9769,1.7925,3.213,2.8,6.2,1.4,0.0,0.5
MYD15A2H_006_Lai_500m_doy2016225_aid0001,Lai_500m,aid0001,2016-08-12,34870625.0,0.0,7.0,"(0.0,7.0)",1.7949,1.7186,2.9535,2.5,5.5,1.1,0.0,0.5
MYD15A2H_006_Lai_500m_doy2016233_aid0001,Lai_500m,aid0001,2016-08-20,34870625.0,0.0,7.0,"(0.0,7.0)",1.9426,1.734,3.0068,2.8,6.2,1.4,0.0,0.5
MYD15A2H_006_Lai_500m_doy2016241_aid0001,Lai_500m,aid0001,2016-08-28,34870625.0,0.0,7.0,"(0.0,7.0)",1.8708,1.6964,2.8779,2.6,5.7,1.3,0.0,0.5
MYD15A2H_006_Lai_500m_doy2017153_aid0001,Lai_500m,aid0001,2017-06-02,34870625.0,0.0,7.0,"(0.0,7.0)",1.7546,1.6581,2.7493,2.3,4.8,1.1,0.0,0.6
MYD15A2H_006_Lai_500m_doy2017161_aid0001,Lai_500m,aid0001,2017-06-10,34870625.0,0.0,7.0,"(0.0,7.0)",1.7759,1.6802,2.8231,2.3,4.8,1.1,0.0,0.6
MYD15A2H_006_Lai_500m_doy2017169_aid0001,Lai_500m,aid0001,2017-06-18,34870625.0,0.0,7.0,"(0.0,7.0)",1.8196,1.6921,2.8631,2.3,4.8,1.2,0.0,0.6
MYD15A2H_006_Lai_500m_doy2017177_aid0001,Lai_500m,aid0001,2017-06-26,34870625.0,0.0,7.0,"(0.0,7.0)",1.9228,1.7214,2.9632,2.5,5.3,1.4,0.0,0.6
MYD15A2H_006_Lai_500m_doy2017185_aid0001,Lai_500m,aid0001,2017-07-04,34870568.0,0.0,7.0,"(0.0,7.0)",2.0491,1.8089,3.272,2.9,6.3,1.5,0.0,0.6
MYD15A2H_006_Lai_500m_doy2017193_aid0001,Lai_500m,aid0001,2017-07-12,34870625.0,0.0,7.0,"(0.0,7.0)",2.0738,1.8327,3.3587,3.0,6.6,1.5,0.0,0.6
MYD15A2H_006_Lai_500m_doy2017201_aid0001,Lai_500m,aid0001,2017-07-20,34870625.0,0.0,7.0,"(0.0,7.0)",2.0056,1.8017,3.2461,2.9,6.5,1.4,0.0,0.5
MYD15A2H_006_Lai_500m_doy2017209_aid0001,Lai_500m,aid0001,2017-07-28,34870625.0,0.0,7.0,"(0.0,7.0)",2.0768,1.8442,3.401,3.1,6.8,1.4,0.0,0.6
MYD15A2H_006_Lai_500m_doy2017217_aid0001,Lai_500m,aid0001,2017-08-05,34870625.0,0.0,7.0,"(0.0,7.0)",1.9109,1.7617,3.1036,2.7,6.0,1.3,0.0,0.5
MYD15A2H_006_Lai_500m_doy2017225_aid0001,Lai_500m,aid0001,2017-08-13,34870625.0,0.0,7.0,"(0.0,7.0)",2.0159,1.7465,3.0504,2.9,6.3,1.5,0.0,0.6
MYD15A2H_006_Lai_500m_doy2017233_aid0001,Lai_500m,aid0001,2017-08-21,34870625.0,0.0,7.0,"(0.0,7.0)",1.9078,1.6518,2.7284,2.7,5.8,1.4,0.0,0.6
MYD15A2H_006_Lai_500m_doy2017241_aid0001,Lai_500m,aid0001,2017-08-29,34870625.0,0.0,7.0,"(0.0,7.0)",1.8533,1.6248,2.64,2.6,5.6,1.4,0.0,0.6
MYD15A2H_006_Lai_500m_doy2018153_aid0001,Lai_500m,aid0001,2018-06-02,34870625.0,0.0,7.0,"(0.0,7.0)",1.8254,1.6812,2.8266,2.4,5.1,1.2,0.0,0.6
MYD15A2H_006_Lai_500m_doy2018161_aid0001,Lai_500m,aid0001,2018-06-10,34870625.0,0.0,7.0,"(0.0,7.0)",1.8705,1.7224,2.9666,2.4,5.1,1.3,0.0,0.6
MYD15A2H_006_Lai_500m_doy2018169_aid0001,Lai_500m,aid0001,2018-06-18,34870625.0,0.0,7.0,"(0.0,7.0)",1.9145,1.7629,3.1077,2.6,5.6,1.3,0.0,0.6
MYD15A2H_006_Lai_500m_doy2018177_aid0001,Lai_500m,aid0001,2018-06-26,34870625.0,0.0,7.0,"(0.0,7.0)",2.099,1.7902,3.2047,3.0,6.4,1.6,0.0,0.7
MYD15A2H_006_Lai_500m_doy2018185_aid0001,Lai_500m,aid0001,2018-07-04,34870625.0,0.0,7.0,"(0.0,7.0)",2.2239,1.8991,3.6067,3.3,7.0,1.6,0.0,0.6
MYD15A2H_006_Lai_500m_doy2018193_aid0001,Lai_500m,aid0001,2018-07-12,34870623.0,0.0,7.0,"(0.0,7.0)",2.0725,1.8035,3.2526,3.0,6.6,1.5,0.0,0.6
MYD15A2H_006_Lai_500m_doy2018201_aid0001,Lai_500m,aid0001,2018-07-20,34870625.0,0.0,7.0,"(0.0,7.0)",2.0667,1.8343,3.3648,3.0,6.6,1.5,0.0,0.6
MYD15A2H_006_Lai_500m_doy2018209_aid0001,Lai_500m,aid0001,2018-07-28,34870625.0,0.0,7.0,"(0.0,7.0)",1.9512,1.735,3.0104,2.7,5.8,1.4,0.0,0.6
MYD15A2H_006_Lai_500m_doy2018217_aid0001,Lai_500m,aid0001,2018-08-05,34870625.0,0.0,7.0,"(0.0,7.0)",2.0516,1.8218,3.3191,3.0,6.6,1.4,0.0,0.6
MYD15A2H_006_Lai_500m_doy2018225_aid0001,Lai_500m,aid0001,2018-08-13,34870625.0,0.0,7.0,"(0.0,7.0)",1.7983,1.6646,2.771,2.5,5.5,1.2,0.0,0.5
MYD15A2H_006_Lai_500m_doy2018233_aid0001,Lai_500m,aid0001,2018-08-21,34870625.0,0.0,7.0,"(0.0,7.0)",1.9142,1.6957,2.8754,2.7,6.0,1.4,0.0,0.5
MYD15A2H_006_Lai_500m_doy2018241_aid0001,Lai_500m,aid0001,2018-08-29,34870625.0,0.0,7.0,"(0.0,7.0)",1.678,1.6094,2.59,2.2,4.7,1.1,0.0,0.5
