File,aid,Date,0,1,2,3,4,5,6,8,9,10,11,12,13,14,32,33,34,35,36,37,38,48,49,50,51,52,53,54,64,65,66,67,68,69,70,72,73,74,75,76,128,129,130,131,132,133,134,136,137,138,139,140,160,161,162,163,164,165,166,176,177,178,179,180,181,182,192,193,194,195,196,197,198,200,201,202,203,204
FparExtra_QC_2002185_aid0001,aid0001,2002-07-04,2694920,584182,35820,185.0,105.0,9.0,,2950220,285545,22621,19.0,,,,512337,196972,17068,39,309,18,1.0,123687,24730,2232,4.0,129,13.0,,79903,57630,6886,9.0,155,25.0,,482273,8200,781,,81.0,8852272,761446,37598,4.0,130,14.0,,11721428,428731,17148,,,2356344,309100,18288,1.0,257,27.0,,419252,38631,2237,,73,9.0,,101444,65336,6148,,96,7.0,,1633713,10995,598,,26.0
FparExtra_QC_2002193_aid0001,aid0001,2002-07-12,2169138,438093,27833,211.0,12.0,,,2942861,366749,22808,15.0,,,,876340,250022,23254,48,82,5,1.0,149628,30008,2716,1.0,46,,,82474,58939,6834,7.0,45,8.0,,631097,7057,706,,70.0,8864852,762755,34788,5.0,36,1.0,,11112814,447702,18574,,,2884984,345633,19953,6.0,304,3.0,,438540,37827,2218,,63,12.0,,135780,59754,5164,,91,11.0,,1600560,8469,446,,8.0
FparExtra_QC_2002201_aid0001,aid0001,2002-07-20,1928893,504946,34911,142.0,31.0,3.0,,2924383,206946,12395,102.0,3.0,,,1017661,307400,24859,7,444,59,,207061,45870,3076,,236,15.0,,98446,74283,8674,2.0,457,17.0,2.0,678272,6793,649,,70.0,10515796,810896,40864,6.0,81,19.0,,9320180,308966,12471,2.0,,2964244,366816,19584,1.0,790,43.0,1.0,581071,71934,3500,,220,29.0,,227696,69688,5957,,321,17.0,,1450741,8905,489,,25.0
FparExtra_QC_2002209_aid0001,aid0001,2002-07-28,1193191,259153,17872,,48.0,4.0,,1592582,109012,6244,,,,,2591349,686606,46572,341,2446,224,7.0,256384,56261,4222,,640,52.0,,101338,71455,8747,7.0,570,39.0,,553543,6297,653,,74.0,9399719,711598,34860,,31,42.0,,4157435,118126,3722,,,5303791,682366,32558,9.0,4335,524.0,12.0,1525238,100148,4844,,1092,145.0,2.0,249228,70784,6138,,1206,123.0,,1007905,6251,297,,23.0
FparExtra_QC_2002217_aid0001,aid0001,2002-08-05,3575987,608545,40612,177.0,12.0,1.0,,2325680,296466,19929,10.0,,,,449957,155707,14286,13,51,103,,51600,15011,1635,42.0,27,27.0,4.0,107832,58045,6600,10.0,10,23.0,,351880,6168,650,,8.0,12841871,879662,41264,7.0,67,,,8104606,387639,16319,,,2288397,310514,17941,1.0,272,45.0,,464541,45662,2603,,157,15.0,,149125,56174,4700,,128,72.0,,1160724,8372,470,,5.0
FparExtra_QC_2002225_aid0001,aid0001,2002-08-13,2528851,548528,37325,214.0,24.0,15.0,,2592439,208314,12037,13.0,2.0,,,813303,262936,22528,12,412,83,,216223,33660,3744,6.0,141,15.0,,73380,68542,8275,6.0,337,19.0,,647860,7166,548,,150.0,12128191,882393,45277,1.0,31,,,8714355,286983,10189,3.0,8.0,2205610,343879,18510,9.0,351,55.0,,633434,54124,3042,,168,42.0,,190960,67595,5447,,234,17.0,,1183246,6819,320,,60.0
FparExtra_QC_2002233_aid0001,aid0001,2002-08-21,2430005,619186,41038,146.0,16.0,3.0,,2757920,199355,13250,39.0,,,,786871,216337,16928,6,233,42,,148693,26031,2547,3.0,57,10.0,2.0,118023,62079,8596,8.0,72,15.0,,632860,5976,724,,37.0,10809533,764646,37886,3.0,9,2.0,,9284469,316451,13738,2.0,,2573846,357395,19081,,83,9.0,3.0,612418,83116,4373,,43,5.0,,204799,78036,6857,,37,,,1604339,9629,538,,7.0
FparExtra_QC_2002241_aid0001,aid0001,2002-08-29,3122570,703153,43898,84.0,,,,2165940,203032,13214,61.0,,,,696118,193665,15607,33,44,20,,114220,23594,1565,10.0,13,8.0,,124714,57705,7832,9.0,19,10.0,,594676,4681,597,4.0,12.0,10082274,825964,39122,4.0,12,,,10375571,394010,16608,1.0,,2273377,316591,16776,1.0,200,4.0,,375191,33905,2083,,60,,,183606,66765,6380,,42,1.0,,1765792,6586,418,,9.0
FparExtra_QC_2003153_aid0001,aid0001,2003-06-02,2713653,438089,31288,68.0,1353.0,121.0,2.0,2405080,304619,17042,115.0,,,,861163,322543,25294,21,512,33,1.0,259535,77833,6046,3.0,30,2.0,,98726,46418,5467,5.0,336,13.0,,465512,5575,592,,18.0,9140043,657336,32165,9.0,5939,347.0,8.0,10141876,307178,11543,1.0,,3449210,544606,30639,7.0,3698,328.0,12.0,948629,112363,6052,,247,10.0,,99693,47197,4057,,630,35.0,,1231671,5518,294,,12.0
FparExtra_QC_2003161_aid0001,aid0001,2003-06-10,2287242,547432,34064,96.0,168.0,32.0,,1702992,128161,8748,42.0,3.0,,,1482382,350519,28656,80,415,22,1.0,693972,98585,6815,25.0,148,20.0,,109057,54382,5919,7.0,322,15.0,,541727,4623,383,,53.0,7803731,665122,32142,7.0,1797,155.0,,10818682,329196,13618,4.0,,3781643,546564,26640,,1113,191.0,2.0,928291,105386,5028,,298,69.0,,107410,63104,4917,,569,102.0,1.0,1536458,8544,427,,142.0
FparExtra_QC_2003169_aid0001,aid0001,2003-06-18,2858021,596895,42746,112.0,186.0,14.0,,2793622,407034,21943,124.0,6.0,,,577766,141534,12578,34,107,16,,79134,11515,909,1.0,28,2.0,,88972,38492,4267,,87,4.0,,405639,4831,487,,2.0,9881752,845714,41385,3.0,465,31.0,,11131497,433915,16071,5.0,7.0,2391404,314088,19345,1.0,184,57.0,2.0,244259,16130,1350,,46,3.0,,66945,45785,4087,,103,19.0,,1318742,7628,330,,
FparExtra_QC_2003177_aid0001,aid0001,2003-06-26,2560743,457196,32650,174.0,23.0,3.0,,2557064,286270,16999,34.0,,,,940482,310343,25283,25,37,82,,149365,31958,2418,7.0,5,8.0,,94846,63375,7874,3.0,30,1.0,,541717,7352,737,,4.0,12334599,880882,42604,5.0,86,5.0,,8460321,303984,12226,,,2510279,369623,19596,1.0,301,110.0,,395025,47951,1863,,16,1.0,,120962,56408,4822,,9,9.0,,1212555,6758,352,,
FparExtra_QC_2003185_aid0001,aid0001,2003-07-04,2802050,605387,37374,204.0,24.0,3.0,,2209685,175173,10026,38.0,,,,955409,311472,26113,16,291,50,4.0,136540,33483,3140,19.0,92,3.0,,96189,74390,8184,4.0,139,2.0,,593240,7620,681,,63.0,13843538,994159,46320,3.0,64,6.0,,7000226,201827,6785,,,2429807,381372,21658,,793,49.0,,400863,52166,2562,,325,25.0,,173329,67657,4810,,350,37.0,1.0,1146001,6350,235,,35.0
FparExtra_QC_2003193_aid0001,aid0001,2003-07-12,2996633,599428,40449,189.0,2.0,,,2171643,169201,10963,11.0,,,,874750,299250,22270,22,150,22,,97885,23104,2009,,52,6.0,,93374,76625,8198,6.0,72,8.0,,593106,7033,629,,18.0,12964421,1010178,47359,2.0,26,2.0,,8543915,283242,11390,2.0,,1973612,276082,16184,2.0,218,10.0,2.0,287009,25242,1436,,103,13.0,,129221,59979,4773,,164,,,1138652,7736,371,,7.0
FparExtra_QC_2003201_aid0001,aid0001,2003-07-20,2246084,464882,31203,191.0,13.0,7.0,,2609454,196121,12453,16.0,1.0,,,1086698,379775,28431,8,316,80,3.0,107877,19888,1533,1.0,141,19.0,3.0,85733,97752,10156,11.0,128,13.0,,699314,8012,733,,58.0,10393215,758979,37750,1.0,27,17.0,,9945419,402232,15611,,,2713744,374364,20026,5.0,319,35.0,,388678,32453,1565,,161,2.0,,222684,79679,6324,,51,30.0,,1378274,9224,460,,24.0
FparExtra_QC_2003209_aid0001,aid0001,2003-07-28,1887667,396959,25744,142.0,10.0,9.0,,2700093,189966,15544,67.0,7.0,,,1244691,458667,33515,8,409,110,1.0,173228,29283,1951,,188,57.0,1.0,79517,79787,8167,4.0,210,32.0,,752381,7839,765,3.0,86.0,9081777,716996,37150,7.0,37,13.0,,10031197,338714,15251,,9.0,3411642,438857,21955,2.0,1044,56.0,,563734,47668,2058,,530,49.0,1.0,244245,84177,6447,,533,55.0,,1725678,10841,564,,66.0
FparExtra_QC_2003217_aid0001,aid0001,2003-08-05,1678752,322699,23580,107.0,21.0,2.0,,2250319,121841,9823,56.0,4.0,,,1653215,527802,38715,54,451,315,3.0,261989,89509,4927,9.0,164,205.0,,128840,64761,7677,9.0,169,28.0,,895748,4625,594,,95.0,11617827,774923,39442,7.0,11,1.0,,7526452,198439,9321,,,3401965,481570,24267,,393,44.0,1.0,580033,69849,3057,,112,39.0,,260769,80830,6675,1.0,180,5.0,,1696643,8094,399,,4.0
FparExtra_QC_2003225_aid0001,aid0001,2003-08-13,2156875,501657,31639,179.0,21.0,15.0,,3154879,332784,23129,28.0,,,,768218,216366,17610,10,318,92,4.0,69772,11010,1102,,117,13.0,,53065,63929,8365,3.0,121,19.0,,667600,7199,890,,79.0,10241393,814183,39804,5.0,18,,,9940803,395877,18138,,2.0,2536635,291906,15665,,181,46.0,,431719,21079,1164,,94,5.0,1.0,203698,69664,6424,,59,12.0,,1743268,8905,586,,19.0
FparExtra_QC_2003233_aid0001,aid0001,2003-08-21,2406330,568358,33305,182.0,11.0,3.0,,3266028,347072,26776,16.0,3.0,,,527847,151816,13980,30,433,41,1.0,99600,11474,969,3.0,110,26.0,,75561,50000,7242,22.0,152,18.0,,493106,5723,812,,58.0,8520984,674971,33461,3.0,20,,,11950519,601330,25945,2.0,,2538882,255998,14755,,228,27.0,,303699,19006,1165,,203,33.0,,233306,54123,5431,,142,20.0,,1537763,8755,570,,12.0
FparExtra_QC_2003241_aid0001,aid0001,2003-08-29,2691784,565456,40382,120.0,7.0,3.0,,1970432,142759,8997,89.0,,,,1196420,273357,21137,6,605,61,4.0,348253,67300,4452,,243,30.0,,108385,68563,8290,5.0,252,9.0,,565095,3983,451,,178.0,12656098,954417,47107,9.0,17,5.0,,7303437,242620,10260,1.0,4.0,3023273,316942,16875,,446,22.0,2.0,510217,53168,2935,,217,30.0,2.0,249605,59178,5156,,184,16.0,,1324722,4032,299,,57.0
FparExtra_QC_2004153_aid0001,aid0001,2004-06-01,2808147,657756,42234,189.0,1025.0,82.0,4.0,1959993,151404,8858,34.0,3.0,,,917025,240090,21885,27,512,38,4.0,243745,34727,3174,13.0,59,12.0,,209083,70320,6811,12.0,302,31.0,,568917,5085,491,,37.0,11749513,857808,41292,5.0,3034,208.0,8.0,8752864,340592,11976,2.0,,2625462,389980,22656,1.0,2555,341.0,5.0,629676,57517,2899,,78,10.0,,156473,60650,4761,,462,25.0,,1197983,7871,312,,20.0
FparExtra_QC_2004161_aid0001,aid0001,2004-06-09,2814826,674937,41533,136.0,676.0,113.0,4.0,1853184,95630,5794,24.0,9.0,,,1159085,266289,25451,67,395,126,2.0,237709,38004,3828,,53,31.0,2.0,120044,62874,7113,6.0,348,14.0,,538908,4549,345,,20.0,11568771,884397,39564,5.0,1792,51.0,1.0,7653347,166154,6464,2.0,1.0,3546371,502841,28594,,829,141.0,,770052,77506,4074,,150,46.0,,177650,76986,5861,,208,16.0,,1398426,6437,287,,15.0
FparExtra_QC_2004169_aid0001,aid0001,2004-06-17,2678066,600863,35731,146.0,60.0,23.0,,2102145,142538,8380,100.0,11.0,,,1030740,297807,27279,7,314,27,1.0,153524,24001,1820,,148,8.0,,147625,87738,8915,,278,22.0,,597161,5860,759,,32.0,10942982,899903,41033,9.0,691,31.0,,9092980,253258,9988,,1.0,3063576,427943,24723,,615,73.0,,497456,41373,2333,,126,13.0,,184852,70198,5598,,269,8.0,,1349488,7088,395,,36.0
FparExtra_QC_2004177_aid0001,aid0001,2004-06-25,1831041,443874,28737,214.0,41.0,26.0,,2421395,220727,12889,39.0,,,,1270207,351416,30107,16,120,252,2.0,461924,56553,5514,,67,40.0,,127142,65596,6601,8.0,108,66.0,,610121,6724,551,,11.0,8702860,696123,33757,2.0,113,33.0,,9945457,365926,14358,1.0,3.0,3725385,453598,26086,1.0,654,121.0,12.0,1109191,106463,5652,,260,38.0,5.0,160096,61918,4986,,267,89.0,,1495377,7816,364,,27.0
FparExtra_QC_2004185_aid0001,aid0001,2004-07-03,2295693,528823,35782,42.0,10.0,7.0,,2388106,148569,10049,9.0,1.0,,,1053204,325465,25931,142,191,85,2.0,280632,66563,5084,47.0,68,17.0,,99072,68390,7666,30.0,122,48.0,,604239,7396,626,1.0,17.0,11105703,858462,41330,7.0,76,,,9267659,260351,10368,,3.0,2677003,396710,23010,7.0,358,68.0,15.0,694166,81988,4837,,165,19.0,,178802,70444,5619,,212,88.0,,1232231,7011,320,,7.0
FparExtra_QC_2004193_aid0001,aid0001,2004-07-11,2004405,384421,27914,111.0,5.0,,,2708453,253971,17073,42.0,,,,1078698,389196,27686,22,241,66,1.0,166456,36535,2158,7.0,81,43.0,,106729,76318,8713,7.0,169,35.0,,653140,8502,893,,38.0,11966736,888117,43263,10.0,18,1.0,,8637509,264159,11206,,,2573268,388691,20468,2.0,257,15.0,,366133,39250,1933,,157,36.0,,191293,80427,6383,,105,12.0,,1427701,9463,416,,10.0
FparExtra_QC_2004201_aid0001,aid0001,2004-07-19,1972678,475989,30733,178.0,10.0,5.0,,2896931,251141,18815,56.0,,,,931227,323923,23090,14,178,25,,116589,26572,1538,,100,8.0,,86867,65343,8405,4.0,118,14.0,,712963,7708,853,1.0,53.0,8838217,797129,40905,6.0,38,1.0,,10684695,369681,16016,2.0,3.0,3267521,368208,19145,4.0,193,27.0,,444030,26415,1290,,167,8.0,,223678,68914,6050,,118,,,1734852,9195,495,,36.0
FparExtra_QC_2004209_aid0001,aid0001,2004-07-27,1946914,445929,30653,108.0,8.0,4.0,,2981516,253679,18438,119.0,2.0,,,980697,352478,23711,4,171,43,,88904,24177,1923,,75,18.0,,74854,70857,8047,3.0,69,15.0,,640591,7377,726,,19.0,8616418,703773,34835,3.0,34,20.0,,11749748,495273,21248,,1.0,2736629,370356,19276,2.0,405,43.0,,306539,27791,1754,,175,16.0,,176849,72575,5767,,291,11.0,,1564375,12231,568,,33.0
FparExtra_QC_2004217_aid0001,aid0001,2004-08-04,3110915,622181,44578,200.0,1.0,,,1786825,103668,7304,12.0,,,,943628,313613,21851,28,122,16,3.0,177012,28814,2167,18.0,58,6.0,,133510,75285,7810,5.0,45,14.0,,567429,4495,506,,10.0,13646460,977656,48598,10.0,13,,,7239607,188751,6987,1.0,,2394440,347857,18942,,182,38.0,4.0,407393,73497,3798,,57,12.0,2.0,277180,73339,5371,,118,17.0,,1200005,6393,300,,11.0
FparExtra_QC_2004225_aid0001,aid0001,2004-08-12,2257957,468561,34555,87.0,,,,2609392,180587,14216,80.0,,,,927642,319899,21981,14,95,5,,267120,66053,3744,6.0,58,,,88263,72342,8260,3.0,30,4.0,,603823,6538,789,4.0,21.0,9140705,839101,42899,4.0,2,,,10394260,321429,13587,2.0,,3007859,342678,18039,1.0,172,29.0,,819524,53453,2729,,190,21.0,,207822,74615,5804,,58,3.0,,1623496,8085,463,,9.0
FparExtra_QC_2004233_aid0001,aid0001,2004-08-20,2504008,660845,43619,66.0,75.0,1.0,,1643846,86267,4929,30.0,11.0,,,1305422,260364,22166,139,507,43,1.0,496075,68394,5679,24.0,152,11.0,3.0,111494,49618,6724,14.0,315,22.0,2.0,677389,3494,303,2.0,75.0,12310953,929561,47198,6.0,46,11.0,,7029896,157088,5581,,5.0,3221508,407320,21922,,503,30.0,3.0,857530,78896,4158,,213,22.0,,286083,70122,5769,1.0,226,27.0,,1476890,5156,281,,34.0
FparExtra_QC_2004241_aid0001,aid0001,2004-08-28,2911748,586322,39765,138.0,24.0,10.0,,1904608,138712,10444,23.0,3.0,,,1003092,279208,22223,53,232,15,,188817,28976,2356,4.0,49,8.0,6.0,150505,72348,8386,7.0,110,5.0,,599045,4365,486,,36.0,14872231,1044064,52926,10.0,12,2.0,,5648949,135588,6803,2.0,,2566411,333787,16561,,155,20.0,,393445,37583,1657,,85,5.0,,304902,76739,5995,,65,,,1413613,5132,289,,8.0
FparExtra_QC_2005153_aid0001,aid0001,2005-06-02,1495678,478695,29656,56.0,2145.0,209.0,,2658962,233795,14962,22.0,9.0,,,1441707,340904,27391,248,869,83,,263212,44926,4132,13.0,201,15.0,,103702,64055,7037,35.0,803,30.0,,730224,7457,861,7.0,28.0,8998989,794579,38233,1.0,9504,713.0,1.0,10265569,305926,12822,4.0,4.0,3475193,472142,25152,4.0,6108,1004.0,13.0,647403,70475,3637,,953,60.0,,124382,60641,5044,2.0,1728,107.0,,1588709,7570,348,,19.0
FparExtra_QC_2005161_aid0001,aid0001,2005-06-10,1982531,475985,34337,132.0,1653.0,85.0,,2190981,123219,10144,32.0,2.0,,,1461456,446412,30964,24,482,66,1.0,288639,53523,4016,11.0,56,19.0,,122290,54941,5955,5.0,456,28.0,,658695,4529,440,,20.0,11698107,892588,42590,6.0,4919,299.0,,9177756,293068,11212,,,2461875,377291,22569,1.0,3303,536.0,7.0,321552,32867,2179,,188,5.0,,137305,65266,5037,,766,32.0,,1357890,7409,407,,9.0
FparExtra_QC_2005169_aid0001,aid0001,2005-06-18,2649222,646019,41841,193.0,73.0,3.0,,2631840,278078,16593,23.0,,,,678058,175979,15407,62,26,1,,103024,18406,1301,15.0,19,1.0,,107976,44478,5984,16.0,11,5.0,,531263,5604,607,1.0,,10369370,841979,41075,5.0,1444,98.0,,11537092,512635,20082,4.0,,1723974,244394,14739,,1225,432.0,,171524,20965,1376,,70,2.0,,92884,47027,4194,,257,20.0,,1261123,8584,454,,11.0
FparExtra_QC_2005177_aid0001,aid0001,2005-06-26,2214183,548544,36351,130.0,9.0,,,2724281,216504,15099,15.0,,,,895701,265406,24222,63,230,33,4.0,126510,23756,2046,11.0,145,36.0,,108397,58543,7488,13.0,131,10.0,,675765,7540,926,1.0,36.0,10811481,823938,41544,12.0,650,13.0,,10297539,346364,13920,,,2223509,362473,19998,2.0,1219,258.0,3.0,357949,45723,1950,,228,27.0,,141486,64064,5701,,219,20.0,,1345417,10823,484,,25.0
FparExtra_QC_2005185_aid0001,aid0001,2005-07-04,2526312,585314,35843,124.0,,2.0,,2295083,224901,16127,20.0,,,,972237,275338,21791,63,86,26,,197703,28573,2399,48.0,48,17.0,,104389,60282,7030,33.0,102,3.0,,591194,6312,683,1.0,45.0,11738650,823342,38362,8.0,93,1.0,,9550445,439960,17538,1.0,,2032657,335541,18088,2.0,146,10.0,,376758,35482,1951,,66,19.0,,133218,65819,5496,,107,3.0,,1293078,9725,456,,17.0
FparExtra_QC_2005193_aid0001,aid0001,2005-07-12,2354969,502052,33038,176.0,19.0,18.0,,2145756,165864,11807,17.0,9.0,,,1225191,350246,28861,36,882,152,2.0,225667,35420,2956,2.0,309,39.0,,83968,65081,7524,10.0,609,71.0,,704244,6392,646,,96.0,11117928,842849,42270,2.0,51,15.0,,8634473,252106,11591,,2.0,2932380,418814,20800,4.0,1321,87.0,2.0,501487,47626,2059,,437,55.0,,195377,75654,5646,1.0,723,108.0,,1803290,9367,462,,52.0
FparExtra_QC_2005201_aid0001,aid0001,2005-07-20,2902173,650868,42031,209.0,18.0,,,2519124,198597,13634,33.0,,,,637050,219890,16441,12,178,10,1.0,82429,15115,1463,,32,9.0,,83379,70593,8253,,103,4.0,,482281,7391,770,,38.0,12963465,1002861,47599,6.0,29,1.0,,8248789,319550,11801,,,2067698,256966,15128,3.0,84,6.0,,329551,25541,1639,,66,6.0,,217131,68927,5567,,27,2.0,,1322666,11339,586,,5.0
FparExtra_QC_2005209_aid0001,aid0001,2005-07-28,2625795,593750,41886,210.0,11.0,4.0,,2607938,210639,13606,25.0,,,,767742,234753,18355,1,298,93,18.0,68450,13104,902,,182,38.0,,95839,68318,7909,2.0,257,41.0,,575247,6061,584,,71.0,12211482,948870,48401,7.0,26,19.0,,8749706,290271,12125,,,2352724,295996,15826,1.0,340,35.0,,241351,19584,1151,,158,26.0,,191767,62943,5388,,185,10.0,,1459909,8358,375,,5.0
FparExtra_QC_2005217_aid0001,aid0001,2005-08-05,2423131,577631,39278,183.0,16.0,,,2665970,220842,16367,39.0,11.0,,,791605,223892,16294,26,605,63,2.0,149493,24022,1557,3.0,199,35.0,,72577,59380,8017,6.0,356,40.0,,652132,7174,979,,204.0,10368047,887251,44044,1.0,40,2.0,,9472332,325945,14342,,5.0,2840953,301766,15540,7.0,734,33.0,,493665,27378,1347,,443,14.0,,220301,65829,5951,,392,28.0,,1819008,10962,635,,44.0
FparExtra_QC_2005225_aid0001,aid0001,2005-08-13,2482162,520606,36794,142.0,23.0,21.0,,2581654,203913,13385,42.0,12.0,,,808605,282551,20563,27,337,70,,113501,20404,1508,3.0,85,4.0,1.0,116396,94466,10504,6.0,249,8.0,,634466,8606,967,,48.0,12082243,953377,48921,3.0,9,10.0,,8012297,229618,10055,,,2755664,316134,16846,9.0,202,12.0,,294405,20336,1158,,80,8.0,,343854,88413,7245,,88,27.0,,1727398,8234,379,,14.0
FparExtra_QC_2005233_aid0001,aid0001,2005-08-21,3276402,692709,44786,183.0,20.0,3.0,,1955160,139491,11640,28.0,3.0,,,717678,204108,16514,42,382,102,,126902,16951,1313,10.0,101,9.0,,121544,70466,8021,3.0,211,15.0,,540826,5574,843,,89.0,13638568,1059664,49999,9.0,5,,,7540279,233000,9468,2.0,,1990482,257721,14931,1.0,117,12.0,,254054,21491,1217,,74,6.0,,298808,74880,6435,,69,16.0,,1457062,8167,490,,12.0
FparExtra_QC_2005241_aid0001,aid0001,2005-08-29,3482648,670876,46036,116.0,2.0,,,1887424,149058,11873,4.0,,,,659667,203638,14728,52,110,3,,111645,16849,1444,22.0,10,6.0,2.0,162833,69771,7676,14.0,21,,,450850,4245,476,1.0,29.0,14876715,1073916,52697,14.0,1,,,7417504,277728,11832,,,1362029,185598,10681,1.0,14,4.0,,146604,18529,1189,,6,1.0,,211485,53194,4877,3.0,5,1.0,,1206693,5433,281,,4.0
FparExtra_QC_2006153_aid0001,aid0001,2006-06-02,2302535,528476,40232,73.0,1278.0,154.0,6.0,2110770,144298,10388,63.0,,,,1265968,319944,21763,79,466,44,2.0,291940,73762,5186,2.0,54,4.0,,165567,57765,6004,10.0,623,76.0,2.0,599307,4745,500,1.0,42.0,11447615,922533,44809,5.0,3748,291.0,3.0,9891907,376504,14260,,,2042614,267768,17354,1.0,1773,280.0,,444881,36328,2648,,125,7.0,,152485,49216,4139,,552,29.0,1.0,1187033,7760,353,,17.0
FparExtra_QC_2006161_aid0001,aid0001,2006-06-10,2678027,554953,36011,64.0,505.0,96.0,2.0,2295010,197155,15996,81.0,9.0,,,901341,256512,21382,113,149,22,,256799,61481,4543,2.0,13,4.0,,110005,60211,5782,14.0,136,27.0,,489361,5853,466,,4.0,12118961,842516,40090,5.0,1326,157.0,,9833614,466000,18539,,4.0,1841652,264230,18756,,3937,880.0,,303289,40299,2302,,35,13.0,,100624,47238,3808,,206,14.0,,959196,8946,397,,5.0
FparExtra_QC_2006169_aid0001,aid0001,2006-06-18,2424808,565153,35824,110.0,142.0,57.0,,2719526,264602,17454,62.0,1.0,,,789498,248913,21628,72,141,36,2.0,77969,13970,1274,,56,8.0,2.0,91826,60115,7189,8.0,78,5.0,5.0,602525,8111,952,,7.0,11753145,914947,44163,2.0,1345,126.0,,9327190,298931,11377,1.0,,2345919,359638,20895,3.0,954,268.0,3.0,252219,21851,1293,,68,6.0,,123255,62429,5138,,94,1.0,,1363354,8039,378,,7.0
FparExtra_QC_2006177_aid0001,aid0001,2006-06-26,1764915,419478,28584,176.0,20.0,,,3322683,337841,23013,38.0,,,,735078,273786,22028,2,86,24,,119944,16516,1229,,83,6.0,,96833,66960,7657,3.0,50,1.0,,703653,10510,925,,7.0,6115909,640846,33084,10.0,137,13.0,,13908513,623018,24710,,,2795426,291027,18483,1.0,188,14.0,,479499,29089,1569,,65,3.0,,99091,57437,4679,,44,,,1781590,12102,489,,3.0
FparExtra_QC_2006185_aid0001,aid0001,2006-07-04,1934957,392674,27309,205.0,18.0,,,3093750,350765,23918,19.0,,,,810177,299749,23257,11,67,15,,191377,35610,2786,4.0,41,5.0,,73442,51865,6022,6.0,62,3.0,,624386,8802,813,1.0,13.0,8038580,716425,35907,10.0,31,,,11573870,463999,19087,1.0,,3012656,360291,21118,,159,6.0,,788395,78886,3714,,106,2.0,1.0,148416,45259,4116,1.0,93,2.0,,1596822,8733,345,,8.0
FparExtra_QC_2006193_aid0001,aid0001,2006-07-12,2782888,571280,38473,191.0,8.0,,,2746317,319806,20568,31.0,,,,570581,192663,14585,31,223,40,2.0,45965,11719,1111,13.0,100,11.0,,81046,58582,6915,4.0,134,4.0,,480110,7672,984,,72.0,12159127,959720,45168,1.0,14,,,9943360,431013,18140,1.0,,1564841,196989,12564,3.0,122,8.0,,231037,15617,902,,48,,,155577,54090,4559,,50,1.0,,1114508,9087,489,,3.0
FparExtra_QC_2006201_aid0001,aid0001,2006-07-20,2219100,478578,31156,221.0,12.0,,,2695639,212170,15043,10.0,2.0,,,898829,323445,25595,10,128,25,,130466,27312,2334,,65,12.0,,79371,82543,9021,,51,9.0,,710649,9338,966,,29.0,9127164,819943,40526,2.0,23,1.0,,10836271,372973,15745,4.0,,2815443,358530,19441,1.0,139,9.0,2.0,442730,41046,2112,,102,4.0,,203153,79716,5903,,97,5.0,,1724320,11049,564,,21.0
FparExtra_QC_2006209_aid0001,aid0001,2006-07-28,2411422,573505,36864,67.0,10.0,1.0,,2908241,244601,16617,156.0,1.0,,,690108,200910,17831,30,241,6,,53528,11741,1233,,88,4.0,,96686,70664,9371,3.0,346,16.0,,597487,9205,1079,,67.0,10687988,897922,44817,1.0,21,,,9691341,400120,15308,2.0,,2638314,236582,15284,,154,20.0,,367988,13983,874,,101,6.0,,248161,72121,6155,,187,4.0,,1569763,9294,490,,38.0
FparExtra_QC_2006217_aid0001,aid0001,2006-08-05,2782043,667523,43148,204.0,18.0,7.0,,2338737,172373,12923,16.0,4.0,,,812757,187487,16186,38,237,46,,87674,11430,852,1.0,121,20.0,,124642,66550,8161,6.0,269,25.0,,610495,7239,803,,94.0,11596739,954542,45724,2.0,21,,,8795963,332649,14320,4.0,9.0,2499853,269106,15888,,307,15.0,,281877,23609,1332,,183,16.0,,307875,74738,5857,,232,18.0,,1686601,9161,375,,23.0
FparExtra_QC_2006225_aid0001,aid0001,2006-08-13,3062235,646318,43697,121.0,6.0,,,2316987,177206,12899,95.0,4.0,,,667639,215451,16791,48,219,13,1.0,111128,15818,1235,7.0,54,4.0,,94440,67038,7489,5.0,67,3.0,,488990,5434,592,1.0,94.0,11970473,989057,48520,8.0,27,,,8198802,285776,11965,3.0,1.0,2625629,263802,15208,,226,1.0,,468624,27159,1767,,107,,,270828,68474,5809,,246,3.0,,1656022,8092,401,,9.0
FparExtra_QC_2006233_aid0001,aid0001,2006-08-21,2467374,535059,32836,153.0,13.0,4.0,,2709766,206183,16883,10.0,,,,738540,268193,21318,27,262,30,,132995,24879,2222,2.0,110,14.0,,124950,82872,8908,9.0,169,12.0,,570722,6602,878,,134.0,9520380,767785,38250,4.0,12,5.0,,10844845,424442,17213,,8.0,2446113,331152,18605,,201,34.0,,440794,43524,2443,,106,15.0,,215601,76482,6661,,163,28.0,,1711433,10154,568,,18.0
FparExtra_QC_2006241_aid0001,aid0001,2006-08-29,2374765,544928,37433,72.0,1.0,,,1978018,130832,9067,131.0,,,,1338811,290792,22993,25,127,11,,389057,86313,4951,8.0,95,3.0,,95787,62428,7737,11.0,98,15.0,1.0,572328,4712,500,1.0,78.0,11762305,925643,46028,4.0,22,1.0,,7965628,240190,9567,2.0,7.0,3217187,367300,19306,,285,6.0,,447277,39545,2087,,146,14.0,,221182,72076,6373,,109,2.0,,1568113,6241,373,,20.0
FparExtra_QC_2007153_aid0001,aid0001,2007-06-02,1929628,493992,34204,44.0,348.0,48.0,,2697875,237447,14487,23.0,,,,929912,274206,23978,80,465,50,,287668,65589,3812,61.0,122,11.0,,119349,72125,6759,13.0,270,52.0,,665632,8093,602,,23.0,9093975,831469,41997,3.0,1185,87.0,,11344111,377035,15123,5.0,,2615747,360630,21581,6.0,2372,227.0,,561795,40463,2544,,206,5.0,,106748,58215,4932,,308,23.0,,1513026,8765,379,,28.0
FparExtra_QC_2007161_aid0001,aid0001,2007-06-10,2263625,538520,31011,98.0,256.0,73.0,,2638819,264012,20982,53.0,,,,813291,240977,20674,150,231,22,,237370,24746,2275,6.0,51,10.0,,105567,59871,6188,5.0,125,4.0,,589753,7411,780,1.0,11.0,8430901,671915,32576,8.0,218,34.0,,12194096,526344,21869,3.0,,2432201,352821,20571,1.0,158,39.0,8.0,523056,65432,4482,,57,13.0,,107406,57547,4685,,61,10.0,,1545323,10638,510,,7.0
FparExtra_QC_2007169_aid0001,aid0001,2007-06-18,3335343,662145,41444,140.0,425.0,25.0,,2163951,239810,16314,12.0,3.0,,,466209,144576,15881,75,343,44,2.0,178337,26268,2231,24.0,140,11.0,,102634,44758,5047,11.0,297,10.0,,414585,5316,489,,68.0,12712123,936100,42349,5.0,411,24.0,,8690335,323024,13054,,,2015392,300134,20430,4.0,531,79.0,4.0,558227,61264,2607,,153,14.0,,110179,55222,4827,4.0,144,40.0,,1148390,7553,362,,5.0
FparExtra_QC_2007177_aid0001,aid0001,2007-06-26,2535838,594019,35290,156.0,284.0,19.0,,2208172,187272,12993,9.0,19.0,,,875445,269696,25125,45,546,226,1.0,178887,27319,3365,22.0,125,25.0,,140067,72520,6801,6.0,412,122.0,,684588,6788,697,,69.0,10621743,797216,38621,6.0,344,54.0,,9123186,330889,13371,,2.0,3093500,466644,24401,2.0,987,213.0,5.0,864884,80953,5061,,309,111.0,,89021,60982,4508,,946,181.0,2.0,1375960,8436,377,,75.0
FparExtra_QC_2007185_aid0001,aid0001,2007-07-04,2019135,446885,30617,183.0,17.0,3.0,,2685576,224419,11978,17.0,3.0,,,1011477,356149,29259,15,218,74,14.0,175213,34360,3136,5.0,129,26.0,,69369,70783,7875,6.0,44,20.0,,680926,8216,814,,7.0,9398532,842477,41959,,46,12.0,,10641831,263379,10943,,9.0,2784956,394685,22073,5.0,491,18.0,1.0,507325,46563,2693,,111,10.0,,181910,84010,6595,,61,14.0,,1761756,9920,565,,40.0
FparExtra_QC_2007193_aid0001,aid0001,2007-07-12,1605043,483823,29780,43.0,6.0,,,2654980,181559,12387,14.0,,,,1161900,372145,29066,177,166,39,10.0,247571,36572,3192,8.0,86,32.0,,117616,85592,8216,9.0,139,14.0,,827559,8449,703,6.0,66.0,8714343,772953,35889,,17,,,11191822,353455,14172,,,2787336,412987,23896,1.0,214,8.0,,634313,72891,3663,,135,6.0,1.0,187094,79192,6020,1.0,100,2.0,,1700236,11640,568,,35.0
FparExtra_QC_2007201_aid0001,aid0001,2007-07-20,2129090,505258,32465,139.0,16.0,,,2607234,239376,16937,64.0,3.0,,,963494,282069,22464,25,153,21,1.0,167923,23064,2116,,68,9.0,,104479,71908,7796,6.0,93,7.0,,682728,7191,741,1.0,29.0,8153491,729367,36584,12.0,50,,,11074506,452347,18396,1.0,4.0,3251834,359150,19380,1.0,271,11.0,1.0,720964,54512,2911,,142,5.0,,160993,70888,6065,,155,14.0,,1879168,11169,582,,16.0
FparExtra_QC_2007209_aid0001,aid0001,2007-07-28,2020117,484721,33173,219.0,23.0,1.0,,3169283,357941,21332,27.0,,,,696170,205740,17400,40,541,50,7.0,49633,7169,698,,149,6.0,,42207,56684,8340,,417,28.0,,684532,8923,1283,,114.0,6480906,765625,38988,8.0,63,,,12373848,383095,16659,,2.0,3511032,382676,20455,2.0,573,31.0,1.0,383164,22858,1491,,336,9.0,,147281,78728,6605,,432,2.0,,2374777,12517,717,,109.0
FparExtra_QC_2007217_aid0001,aid0001,2007-08-05,2608109,549729,36739,95.0,,,,2591391,272230,18180,43.0,,,,696753,199358,14892,50,89,21,,95964,28740,2328,11.0,29,,,106741,63735,8340,3.0,48,8.0,,564249,8327,756,,10.0,12312413,853672,43233,6.0,1,,,9633687,510718,18282,,,1688311,194433,13175,1.0,32,4.0,,183650,12803,1192,,17,,,206915,61344,5509,,9,1.0,,1253891,9226,456,,9.0
FparExtra_QC_2007225_aid0001,aid0001,2007-08-13,2154710,525617,32977,156.0,,,,3489051,353765,27011,5.0,1.0,,,402859,158997,12903,51,53,6,,75355,11754,1492,3.0,16,4.0,,85621,55470,6240,25.0,29,3.0,,464368,7524,877,,25.0,7664682,725851,35680,10.0,6,1.0,,14227724,680387,27999,,,1662909,189818,13498,1.0,21,8.0,4.0,255589,21176,1717,,14,5.0,,125315,49428,4938,,16,,,1305923,9676,594,,
FparExtra_QC_2007233_aid0001,aid0001,2007-08-21,2506914,513709,34158,174.0,14.0,9.0,,2591904,259914,14942,15.0,1.0,,,714903,267974,20368,39,326,43,,136886,38741,2964,3.0,83,12.0,,97109,64917,7759,3.0,133,8.0,,584461,7528,900,,54.0,11387795,824147,40234,4.0,10,5.0,,9520667,405410,16377,2.0,1.0,2206845,310332,17799,1.0,106,21.0,,323086,35332,2949,,36,3.0,,261478,80937,6767,1.0,44,,,1553303,8750,539,,9.0
FparExtra_QC_2007241_aid0001,aid0001,2007-08-29,3042764,672659,43551,247.0,18.0,1.0,,2562237,277204,18638,13.0,,,,429950,122430,10578,18,233,78,3.0,84773,11253,938,2.0,118,19.0,,86111,39608,4834,1.0,160,12.0,,453831,4031,599,2.0,54.0,11827643,997667,47202,3.0,14,2.0,,8747087,296267,13256,,,2611521,287091,16219,1.0,281,18.0,1.0,285810,27065,1723,,235,45.0,,237794,52984,4749,1.0,124,24.0,,1542873,4941,336,,13.0
FparExtra_QC_2008153_aid0001,aid0001,2008-06-01,1694624,460719,27923,14.0,4771.0,870.0,14.0,2417400,205367,13826,,15.0,28.0,,1446076,379601,29179,169,1114,127,29.0,233193,49873,3360,60.0,107,15.0,6.0,114500,76324,7310,6.0,1314,61.0,,691008,7205,699,,61.0,10078056,788234,35670,4.0,10567,771.0,21.0,9544097,283881,11262,2.0,7.0,3208338,487452,28036,6.0,4830,527.0,7.0,641201,54591,3944,,1426,30.0,,174004,80231,5583,1.0,1785,119.0,,1549899,8040,351,,17.0
FparExtra_QC_2008161_aid0001,aid0001,2008-06-09,3026121,617348,39519,167.0,5284.0,486.0,9.0,2156511,201015,10721,86.0,14.0,,,743016,253208,23223,40,2056,264,9.0,56606,12269,1192,,63,22.0,1.0,136239,65116,6835,12.0,1243,116.0,2.0,502111,5450,543,,51.0,13280257,955126,45963,8.0,12702,1013.0,5.0,8167879,291265,11350,,4.0,2179831,357145,20618,2.0,7411,469.0,1.0,239518,24918,1671,,242,20.0,,178507,71823,4935,,1184,83.0,,1142495,6245,259,,41.0
FparExtra_QC_2008169_aid0001,aid0001,2008-06-17,2350831,497814,33597,105.0,1558.0,216.0,3.0,2181773,173764,9853,80.0,12.0,,,1064157,367258,27771,97,764,105,5.0,212967,29311,2796,13.0,98,40.0,,168689,81064,7287,8.0,629,80.0,,645829,7653,709,3.0,29.0,10397047,873230,40853,3.0,5757,297.0,17.0,10756813,392591,14436,1.0,,2141176,323514,19148,4.0,5765,626.0,9.0,388938,48251,3236,1.0,157,9.0,3.0,177028,72558,5240,,1022,85.0,,1323348,11316,445,,66.0
FparExtra_QC_2008177_aid0001,aid0001,2008-06-25,2065519,482287,31785,101.0,103.0,45.0,,2824633,224371,14303,89.0,2.0,,,846390,288207,25300,26,205,36,6.0,134705,27859,2617,11.0,70,11.0,,114964,84700,8621,7.0,131,58.0,,680116,8951,691,,48.0,8857663,778864,38319,,1037,131.0,,11773290,437087,17816,2.0,1.0,2457801,337703,19991,7.0,952,66.0,2.0,481811,50554,2723,,99,11.0,,161569,75174,5364,,237,84.0,,1493868,10288,429,,47.0
FparExtra_QC_2008185_aid0001,aid0001,2008-07-03,2257038,528509,32104,113.0,40.0,11.0,,2551696,193484,12540,102.0,,,,919927,300762,25540,63,225,58,6.0,184756,31591,2531,24.0,67,29.0,,96458,72629,8468,13.0,189,18.0,,640033,7192,701,,51.0,7234990,738478,35596,3.0,376,14.0,,12455639,442968,17704,1.0,,3151128,375119,21537,6.0,366,48.0,,562991,47254,2467,,146,7.0,,149056,76635,6135,,215,16.0,,1672311,11292,485,,7.0
FparExtra_QC_2008193_aid0001,aid0001,2008-07-11,2891655,617445,41756,187.0,11.0,1.0,2.0,2507503,218472,13751,44.0,,,,620993,229433,18021,11,101,1,,72494,19304,1734,,27,3.0,,90151,67024,6588,7.0,56,1.0,,443821,5856,514,,1.0,10368952,959968,46574,3.0,61,13.0,,10858304,360404,15383,8.0,,2204176,251600,15873,2.0,304,20.0,,272665,20906,1322,,72,16.0,,153445,60308,4885,,85,7.0,,1399629,7633,369,,3.0
FparExtra_QC_2008201_aid0001,aid0001,2008-07-19,1830764,431846,29114,182.0,16.0,6.0,,3131687,263719,17601,55.0,1.0,,,834653,339675,24277,31,132,62,,72739,15161,1318,5.0,38,16.0,,88243,82619,9295,10.0,124,7.0,,681481,10789,1269,,33.0,9565383,769703,39035,6.0,64,7.0,,11166673,449596,17791,1.0,6.0,2362655,319783,18303,,141,21.0,,280661,21626,1297,,87,3.0,,184455,86397,6664,,57,21.0,,1698100,13732,710,,12.0
FparExtra_QC_2008209_aid0001,aid0001,2008-07-27,2005824,447898,29894,215.0,26.0,2.0,,2919526,251731,17503,20.0,,,,844215,325896,22977,34,185,60,6.0,136274,38617,2687,,81,20.0,1.0,100996,78097,8136,9.0,127,20.0,7.0,626514,8434,895,4.0,37.0,11234334,863204,44074,7.0,64,,,10707970,429493,18655,2.0,,1744832,253375,14109,1.0,104,33.0,7.0,244996,34110,1675,,38,15.0,,148704,60996,4820,,70,53.0,5.0,1186573,10199,456,,16.0
FparExtra_QC_2008217_aid0001,aid0001,2008-08-04,2416408,494387,35952,93.0,18.0,,,2322795,149680,10726,117.0,,,,1023196,364555,23992,34,211,65,2.0,119243,24036,1832,8.0,64,7.0,,153121,91744,9708,3.0,73,16.0,,618231,6000,645,1.0,5.0,10417511,934970,44891,1.0,27,,,9474452,267325,10479,4.0,3.0,2843749,315491,18055,,186,4.0,,496466,43040,2697,,137,2.0,,359595,93160,6869,1.0,79,1.0,,1665053,8298,409,,35.0
FparExtra_QC_2008225_aid0001,aid0001,2008-08-12,2283614,529557,34710,145.0,3.0,,,2454798,194995,13191,78.0,,,,962384,333905,22981,23,142,6,,135431,27324,1892,5.0,29,7.0,,94742,76592,7642,2.0,29,8.0,,684754,7289,664,,26.0,10817567,889515,43713,3.0,7,1.0,,8968372,270743,12733,3.0,,2797260,387456,18990,1.0,109,28.0,,519191,54697,2532,,44,8.0,,213861,79734,5857,1.0,48,7.0,,1910098,9824,582,,5.0
FparExtra_QC_2008233_aid0001,aid0001,2008-08-20,3298092,698222,41652,241.0,7.0,6.0,,1613601,148973,10932,11.0,17.0,,,816532,204529,18412,57,95,59,3.0,309779,39388,4074,24.0,33,35.0,,86628,43881,5711,5.0,64,3.0,,521137,4253,504,2.0,6.0,11595613,907899,44360,11.0,53,8.0,,9000250,283445,13002,1.0,1.0,2500599,364945,18727,1.0,473,45.0,,436144,39132,2205,,77,14.0,,124474,59123,5266,,97,24.0,,1598569,7975,455,,2.0
FparExtra_QC_2008241_aid0001,aid0001,2008-08-28,3275237,670893,44168,88.0,4.0,1.0,,2102283,203847,14224,87.0,,,,621516,152199,14467,25,187,13,,88876,10569,1182,4.0,60,9.0,,114603,48286,6854,8.0,40,,,491461,5088,671,2.0,16.0,11875373,965085,47135,2.0,13,4.0,,9272935,276653,11933,1.0,,2080469,267661,16159,,88,2.0,,269511,23335,1582,,32,1.0,,169342,63172,6276,,37,,,1647649,7988,548,,4.0
FparExtra_QC_2009153_aid0001,aid0001,2009-06-02,2333505,582201,40203,68.0,1287.0,111.0,2.0,2313109,206167,11900,93.0,8.0,,,941768,246097,21218,51,665,81,9.0,404401,52096,3809,23.0,69,7.0,4.0,104826,58593,5815,15.0,503,29.0,,531256,6503,430,3.0,43.0,8443803,821094,40227,2.0,3003,127.0,2.0,11025824,397972,15499,5.0,,3040385,337399,21220,1.0,2210,172.0,,1317829,78921,4595,1.0,260,23.0,,111057,46061,3656,,725,22.0,,1283646,6825,338,,86.0
FparExtra_QC_2009161_aid0001,aid0001,2009-06-10,1473132,468876,31968,20.0,290.0,17.0,,2304181,156506,10551,275.0,,,,1515847,377939,28720,13,410,57,5.0,484446,65159,4345,,105,6.0,,112244,69620,6876,,311,7.0,,748464,5857,615,1.0,105.0,6053297,654843,32457,6.0,872,76.0,,11400948,380424,14744,3.0,,4211260,516407,27203,1.0,985,70.0,3.0,1586166,107928,6498,1.0,189,3.0,,113064,60517,4814,,587,43.0,,1820262,8823,444,,52.0
FparExtra_QC_2009169_aid0001,aid0001,2009-06-18,2714545,485768,34055,37.0,357.0,61.0,,1959478,140226,11484,21.0,,,,1031263,365358,23910,141,157,50,,265860,73476,3968,47.0,38,5.0,,157544,74980,7869,8.0,234,22.0,,509315,5994,671,1.0,25.0,11366051,1028302,47157,9.0,1603,171.0,,9315462,289052,11478,,,2463054,283641,16792,2.0,616,58.0,,298576,27536,1635,1.0,69,,,240262,72726,4981,,298,29.0,,1524745,8328,347,2.0,7.0
FparExtra_QC_2009177_aid0001,aid0001,2009-06-26,2874066,563963,39569,161.0,35.0,6.0,,2074906,166867,11665,53.0,,,,948632,367834,24307,27,351,23,,113577,26035,2021,,75,1.0,,94668,51593,4810,7.0,77,17.0,,495649,5468,497,2.0,6.0,11278682,987568,46659,3.0,344,12.0,,9636238,342809,14268,1.0,,2336074,287478,17938,4.0,291,73.0,,275288,29818,2100,,70,8.0,,177670,53112,3941,,193,2.0,,1503592,8317,416,,21.0
FparExtra_QC_2009185_aid0001,aid0001,2009-07-04,2431260,538004,34688,85.0,10.0,4.0,,2296361,187774,12377,69.0,,,,923104,290552,24956,57,54,5,,227766,32146,2686,16.0,33,4.0,,140901,70260,6896,5.0,36,3.0,,639091,7111,650,4.0,,10596226,851389,40396,7.0,60,4.0,,9739104,345246,13020,,,2590857,369705,21650,,71,14.0,,655946,65227,3114,,41,11.0,,149575,69604,5370,,41,1.0,,1474681,11150,477,,3.0
FparExtra_QC_2009193_aid0001,aid0001,2009-07-12,3417709,683096,42615,143.0,11.0,5.0,1.0,1713207,128169,8404,35.0,,,,692640,266864,21797,26,68,18,,194575,38592,2798,10.0,66,7.0,,102334,60080,6114,11.0,51,20.0,,480866,6071,547,,18.0,13029222,1037349,49999,6.0,17,13.0,,8296078,234444,9812,4.0,,2023789,294402,17552,3.0,74,9.0,2.0,429777,53860,2660,,29,2.0,,186634,60126,4344,,29,2.0,,1264811,7583,353,,5.0
FparExtra_QC_2009201_aid0001,aid0001,2009-07-20,1925580,346172,23967,112.0,,,,2495732,189397,12695,124.0,,,,1170900,465292,34572,21,129,12,,195820,52832,3455,5.0,97,14.0,1.0,88420,81883,8031,6.0,57,4.0,,762112,8698,815,1.0,12.0,9058672,748259,36841,4.0,19,,,10830004,341726,13856,,,2854250,414639,23995,2.0,164,25.0,,488961,53468,3161,,112,12.0,,194026,85509,6454,,104,12.0,,1835373,12741,590,,11.0
FparExtra_QC_2009209_aid0001,aid0001,2009-07-28,1622224,370807,25825,37.0,9.0,,,3025306,281707,18253,187.0,,,,1037497,354664,29292,8,192,46,3.0,135366,20281,1546,2.0,126,51.0,4.0,67891,74341,7921,,35,7.0,,783482,8984,844,,30.0,7526749,612466,31637,8.0,11,3.0,,12327119,477308,19660,3.0,8.0,2914514,438892,24940,,284,28.0,,407772,39605,2071,,266,40.0,4.0,151350,79878,6295,,80,4.0,,1930664,10801,510,,20.0
FparExtra_QC_2009217_aid0001,aid0001,2009-08-05,1564720,400507,27888,54.0,2.0,2.0,,2962854,219241,14857,29.0,,,,1059478,354308,26329,195,171,18,,199600,41928,2952,1.0,97,10.0,,91986,84108,10260,7.0,74,6.0,,795196,9036,1042,2.0,10.0,9620339,772815,37747,2.0,4,,1.0,11331524,414683,17027,3.0,,2258669,348575,19326,9.0,84,18.0,,329474,29820,2110,,54,1.0,,145274,90095,7222,,37,3.0,,1565141,12335,595,,3.0
FparExtra_QC_2009225_aid0001,aid0001,2009-08-13,1927258,410232,26711,163.0,81.0,37.0,,2763337,299831,17948,55.0,16.0,,,970983,313494,24708,29,521,115,15.0,144335,30937,3034,31.0,219,52.0,4.0,73691,79093,9178,9.0,162,38.0,,761703,8089,803,,56.0,10473954,779366,39317,2.0,31,58.0,,9645514,353400,14734,6.0,5.0,2757973,407367,20997,2.0,538,44.0,4.0,359027,49009,3157,,191,37.0,,158166,79428,6569,,147,54.0,,1842515,10771,572,,35.0
FparExtra_QC_2009233_aid0001,aid0001,2009-08-21,3262774,683433,45509,136.0,1.0,3.0,,1813104,138773,10059,39.0,1.0,,,812230,222109,16894,26,34,9,,120659,30283,2395,15.0,18,20.0,,66963,55495,7212,9.0,32,3.0,,573136,4972,619,1.0,2.0,13322365,1008888,51150,3.0,4,4.0,,7716541,249439,10654,2.0,2.0,2202340,282002,14774,,128,28.0,,421057,42550,2069,,41,6.0,,187002,61829,5146,2.0,38,1.0,,1417046,7501,376,,2.0
FparExtra_QC_2009241_aid0001,aid0001,2009-08-29,3198895,663556,40921,34.0,1.0,,,2143665,244687,18127,82.0,,,,577646,150552,13492,47,75,12,,139719,17182,1444,14.0,37,9.0,3.0,101608,51067,6387,18.0,26,5.0,,492280,4898,473,3.0,3.0,7764409,785173,38657,5.0,33,52.0,,12220845,400455,19087,,,2757933,327382,18071,2.0,290,33.0,,530388,42314,2369,,154,23.0,,163898,63886,6291,1.0,82,4.0,,1852115,8501,527,,10.0
FparExtra_QC_2010153_aid0001,aid0001,2010-06-02,1935829,501960,32195,124.0,3951.0,476.0,34.0,2076363,104667,6768,60.0,27.0,,,1296138,407369,30563,115,1610,93,1.0,391626,57538,4469,14.0,277,22.0,2.0,177161,85706,7738,2.0,1761,119.0,5.0,652134,5020,346,,118.0,10307634,875269,39419,6.0,6280,565.0,23.0,9061883,213414,8063,2.0,2.0,2995002,454850,26119,6.0,2300,198.0,1.0,1312764,116407,7525,1.0,319,32.0,1.0,171279,68396,5572,,1136,67.0,,1406623,6780,271,,15.0
FparExtra_QC_2010161_aid0001,aid0001,2010-06-10,2744271,539577,34781,122.0,2007.0,233.0,11.0,1830070,106519,7998,14.0,16.0,,,1073999,302619,27362,124,1169,80,3.0,264110,78840,5891,,90,24.0,,140830,60286,7346,14.0,463,14.0,,547716,5282,474,,46.0,11468275,870759,38240,6.0,5245,478.0,,8353266,203008,8610,4.0,16.0,3113623,482077,28881,1.0,5988,700.0,9.0,449720,49799,3416,,172,14.0,,240541,86377,6623,2.0,641,52.0,,1663612,7704,342,,23.0
FparExtra_QC_2010169_aid0001,aid0001,2010-06-18,2474552,635773,38984,146.0,1253.0,174.0,4.0,2223359,220432,15341,17.0,3.0,,,911441,228683,17404,70,565,68,4.0,160094,21198,1748,37.0,103,17.0,,150520,72431,7431,13.0,414,38.0,,591429,7879,736,,40.0,13397984,991830,45517,6.0,3338,223.0,,8411322,307713,13340,1.0,,1888359,282063,17100,2.0,6656,1415.0,2.0,214315,20908,1505,,174,28.0,,206449,77662,5698,,462,56.0,,1184344,9287,427,,38.0
FparExtra_QC_2010177_aid0001,aid0001,2010-06-26,3638653,762839,48570,98.0,663.0,76.0,,1531767,105229,7563,32.0,11.0,,,683641,188117,16638,98,615,97,11.0,77712,17948,1260,21.0,143,25.0,1.0,137965,60111,6106,8.0,472,50.0,,490949,4417,446,1.0,48.0,13814001,1110881,52222,3.0,769,82.0,,6590973,192657,7291,1.0,2.0,2790535,301497,17907,,1829,221.0,6.0,303488,25884,1471,,212,25.0,1.0,269578,75280,5368,,522,35.0,,1517111,8033,293,,46.0
FparExtra_QC_2010185_aid0001,aid0001,2010-07-04,2709667,598095,37599,185.0,32.0,12.0,,2157776,184912,10222,36.0,,,,844329,275582,22769,19,148,31,1.0,53931,12680,1251,,41,6.0,,126170,80965,8810,9.0,111,42.0,,648612,7611,710,,37.0,12202260,973221,44484,6.0,157,14.0,,7804761,219656,8810,,,2930220,396564,22586,10.0,499,51.0,,275293,23263,1914,,179,12.0,5.0,287402,96831,7001,,291,16.0,,1782913,9415,383,,7.0
FparExtra_QC_2010193_aid0001,aid0001,2010-07-12,2586940,522072,35163,148.0,55.0,3.0,,2130383,158251,8911,62.0,,,,972483,319647,25755,18,221,39,,170733,28219,2353,1.0,96,7.0,,91842,83375,8845,6.0,101,25.0,,628504,7441,677,8.0,17.0,13435590,981649,46461,11.0,84,16.0,,7444612,211060,8578,3.0,,2393386,349524,19881,,588,74.0,6.0,351544,32730,1655,,153,29.0,1.0,232388,87751,6516,,191,42.0,,1474249,9071,374,,7.0
FparExtra_QC_2010201_aid0001,aid0001,2010-07-20,2827814,566569,34367,185.0,19.0,2.0,,2028606,140098,9999,37.0,2.0,,,821971,268740,23033,27,162,15,,110706,22436,1923,,85,10.0,,157616,109780,11402,4.0,121,8.0,,636994,8734,874,2.0,60.0,12099229,987568,44977,2.0,45,3.0,,7915661,188260,7348,1.0,,2760125,337238,20614,7.0,280,13.0,,298351,22557,1744,,110,13.0,,372508,115419,8373,,195,10.0,,1896413,10677,478,,5.0
FparExtra_QC_2010209_aid0001,aid0001,2010-07-28,2226380,467857,32777,74.0,18.0,3.0,,2412402,175821,12698,111.0,,,,1028525,333090,24297,19,282,46,,96727,12123,1201,,136,5.0,,115908,88672,9998,1.0,157,18.0,1.0,733347,8710,935,2.0,60.0,11922877,882828,42084,4.0,63,1.0,,8101380,275055,12317,1.0,,2814916,360383,19273,3.0,426,15.0,1.0,343771,27773,1925,,210,,,327197,98374,7598,,217,12.0,,1835850,12982,560,,128.0
FparExtra_QC_2010217_aid0001,aid0001,2010-08-05,1894225,452126,31718,164.0,14.0,3.0,,2876881,236522,16724,79.0,,,,885229,295585,20090,67,320,30,4.0,98520,17902,1150,,94,5.0,,139171,88169,10091,9.0,228,4.0,,707313,8832,1058,1.0,73.0,11712206,850068,43448,7.0,29,,,8941820,332826,14835,1.0,,2307935,323933,17117,,167,15.0,,228686,21823,1259,,76,3.0,4.0,395775,92093,7064,1.0,114,21.0,,1784391,11915,574,,18.0
FparExtra_QC_2010225_aid0001,aid0001,2010-08-13,3240933,625042,39312,90.0,14.0,6.0,,1982321,194864,13384,104.0,6.0,,,666689,210877,17314,20,338,25,,69755,16975,1142,3.0,130,6.0,1.0,119574,70818,8169,3.0,179,31.0,,496891,6415,909,1.0,60.0,14117747,967879,45638,3.0,31,1.0,,6970984,264996,11200,5.0,2.0,2157660,314835,17943,1.0,487,21.0,1.0,213986,26956,1618,,250,14.0,,322575,94110,7059,,283,15.0,2.0,1540641,10630,596,,55.0
FparExtra_QC_2010233_aid0001,aid0001,2010-08-21,3899012,755591,50553,174.0,6.0,,,1534772,120083,9240,43.0,,,,578949,171405,12578,19,96,9,,55840,12031,924,3.0,48,13.0,,105490,55197,6329,3.0,41,8.0,,410323,3179,437,1.0,4.0,17062467,1230109,58646,8.0,5,,,5313570,160815,6494,,7.0,1475415,196804,11381,,116,7.0,1.0,137475,16080,840,,27,1.0,,220583,51124,4252,,58,4.0,,1136698,5001,236,,
FparExtra_QC_2010241_aid0001,aid0001,2010-08-29,4278896,774571,53616,174.0,10.0,,,1541072,211917,10421,24.0,,,,271944,85486,7989,28,20,7,,93690,11164,804,14.0,7,,,114434,42264,5244,16.0,5,3.0,1.0,274838,3340,398,,4.0,16652112,1164141,54752,5.0,55,5.0,,5027986,198285,7129,,,1805337,221785,14520,3.0,71,,1.0,181216,23708,1591,,13,4.0,,416560,70793,5821,,48,4.0,,1236193,5755,317,,14.0
FparExtra_QC_2011153_aid0001,aid0001,2011-06-02,2463111,564120,34917,198.0,24158.0,1976.0,41.0,2914717,364061,26454,14.0,74.0,,,518362,129836,11452,38,6343,818,29.0,137867,11846,740,18.0,465,17.0,2.0,123712,47792,5263,25.0,3378,307.0,24.0,380620,8519,964,,123.0,9188342,724640,34948,1.0,34869,2569.0,32.0,13506052,741851,30209,5.0,11.0,1446308,170311,12102,5.0,26833,3103.0,45.0,245275,18696,2191,,3397,58.0,1.0,60290,35805,3485,,3577,238.0,8.0,782897,9557,475,,38.0
FparExtra_QC_2011161_aid0001,aid0001,2011-06-10,1526022,425293,26979,71.0,11533.0,972.0,60.0,3199644,394340,24302,54.0,44.0,,,914255,257327,18920,156,3119,307,18.0,205847,53416,2998,1.0,142,11.0,1.0,99009,51701,5823,9.0,2581,160.0,1.0,545761,10344,1122,1.0,57.0,10391145,726193,35137,6.0,28188,1870.0,18.0,11180542,512165,19249,2.0,,1949692,343633,21406,2.0,25958,3912.0,41.0,528165,65280,4364,,1587,18.0,4.0,84313,51928,4667,,3644,236.0,2.0,1093354,10973,486,,44.0
FparExtra_QC_2011169_aid0001,aid0001,2011-06-18,2075420,427611,27816,122.0,4655.0,463.0,26.0,2269254,241160,16672,,10.0,,,1061669,320727,24756,101,1420,105,8.0,454950,98214,6714,28.0,109,8.0,,153343,63954,6271,25.0,1210,59.0,,517382,7330,715,,94.0,12660521,828678,40789,7.0,13883,1169.0,19.0,8017124,330041,12305,,15.0,2370049,370818,21929,1.0,4771,456.0,9.0,1018072,126299,6568,,145,34.0,4.0,138888,57147,4468,,1885,224.0,3.0,1053334,8155,383,,31.0
FparExtra_QC_2011177_aid0001,aid0001,2011-06-26,3291078,655902,42204,101.0,2076.0,235.0,1.0,2043793,171669,13547,39.0,5.0,,,607184,210375,15935,42,1040,40,,106593,22715,1808,32.0,46,3.0,,126362,55461,6238,16.0,577,59.0,,400928,5621,673,,3.0,13533192,1025306,47964,7.0,6746,753.0,2.0,8868454,393273,15592,1.0,,1580611,191221,12641,,5919,900.0,,237595,27620,1828,,152,7.0,,107394,47137,3878,1.0,618,71.0,,971244,7781,295,,21.0
FparExtra_QC_2011185_aid0001,aid0001,2011-07-04,2454535,588320,38039,216.0,765.0,61.0,,2591758,228338,16968,,7.0,,,745181,216338,17871,17,494,58,2.0,82715,13155,1417,,70,5.0,,110871,69216,7635,8.0,298,20.0,,589074,8106,751,,92.0,10695975,908054,44748,5.0,1694,155.0,,10126715,382119,16177,,,2388169,274326,15733,1.0,1995,233.0,7.0,364024,29321,1895,,177,23.0,,175859,62727,4931,,424,19.0,,1581547,10738,414,3.0,16.0
FparExtra_QC_2011193_aid0001,aid0001,2011-07-12,1699886,471586,30191,16.0,57.0,5.0,,2428693,216031,13264,48.0,1.0,,,1312496,350728,27786,92,116,10,,243452,30117,2619,23.0,52,8.0,,140687,77765,7903,10.0,167,5.0,,719137,8645,762,6.0,37.0,11280018,814720,37846,9.0,436,22.0,,9000324,376359,13742,1.0,,2685235,387863,21923,1.0,292,14.0,,435564,49952,3281,,107,17.0,,243022,75172,5621,1.0,134,20.0,,1645446,10617,449,2.0,14.0
FparExtra_QC_2011201_aid0001,aid0001,2011-07-20,2589665,540494,36507,132.0,164.0,13.0,,2498004,271917,16557,63.0,2.0,,,741291,207508,18582,19,287,14,,98352,12761,891,2.0,75,3.0,,97031,66398,8108,3.0,215,4.0,,569517,7023,746,1.0,52.0,13120045,987027,48962,5.0,368,49.0,,7876368,277488,11051,,,2312712,297612,15733,1.0,500,42.0,,220523,21436,1251,,250,17.0,,247022,74815,5934,,91,15.0,,1558310,10173,412,,12.0
FparExtra_QC_2011209_aid0001,aid0001,2011-07-28,2699456,626594,39655,184.0,49.0,3.0,,2510027,235502,15930,70.0,,,,626737,206687,14342,21,151,20,1.0,93545,18465,1784,,65,4.0,,97025,63439,7319,1.0,90,6.0,,516263,8116,808,2.0,40.0,12038091,980947,47300,12.0,225,6.0,,8884077,341064,14127,4.0,3.0,2284093,245580,13837,,486,11.0,,272032,21151,1496,,80,3.0,,254100,70251,5493,,54,,,1601937,11180,573,,11.0
FparExtra_QC_2011217_aid0001,aid0001,2011-08-05,2490434,454862,31188,75.0,23.0,6.0,,2301604,189233,12549,141.0,6.0,,,897288,348733,25314,57,136,32,12.0,98419,25233,2140,4.0,115,29.0,1.0,123782,89425,9382,3.0,24,25.0,,673221,8130,762,4.0,9.0,13813355,942628,46177,14.0,41,9.0,,7528763,248404,10268,2.0,1.0,2065956,335728,18472,,180,3.0,,240415,26526,1641,,69,10.0,,279009,92295,6909,,24,5.0,,1421081,9752,481,,6.0
FparExtra_QC_2011225_aid0001,aid0001,2011-08-13,3062285,680634,43428,183.0,25.0,2.0,,2190042,202792,14526,41.0,,,,601818,185399,13659,59,188,25,,77946,10870,1032,,77,5.0,,113784,62262,6991,1.0,73,9.0,,507001,6407,820,1.0,16.0,13610964,1030262,51765,11.0,96,,,8012985,324239,12904,2.0,,1873600,221603,11927,1.0,196,8.0,,256243,20133,1319,,93,10.0,,248596,65033,5327,,105,7.0,,1330865,9448,445,,37.0
FparExtra_QC_2011233_aid0001,aid0001,2011-08-21,3471867,655378,45427,180.0,12.0,,,1864749,163225,12949,15.0,,,,592106,190694,12852,14,123,29,,77756,17885,1425,,50,16.0,,144678,69856,6961,4.0,57,1.0,,447921,5566,573,1.0,31.0,13635358,1005293,52178,8.0,41,1.0,,8627988,382056,15205,,,1529716,165630,9304,,100,13.0,,180074,14701,1129,,94,13.0,,246602,51905,4449,,58,1.0,,1157570,8362,375,,
FparExtra_QC_2011241_aid0001,aid0001,2011-08-29,2673964,574510,33539,144.0,13.0,,,2849576,286907,22038,81.0,2.0,,,429858,185035,14480,37,33,2,1.0,60810,16268,1256,5.0,32,3.0,,93238,62534,6955,5.0,15,,,462954,7220,874,2.0,10.0,13573414,925702,42315,7.0,47,,,9063148,493881,21662,2.0,,1273591,187572,12080,3.0,227,1.0,,160280,21034,1545,,43,5.0,,204748,58044,5205,1.0,16,,,1034630,8504,517,,
FparExtra_QC_2012153_aid0001,aid0001,2012-06-01,2374801,579070,40330,61.0,3524.0,370.0,1.0,1751160,116800,7563,12.0,37.0,,,1359302,311107,24619,132,750,66,3.0,290958,46291,2748,12.0,56,28.0,,171606,66068,5628,1.0,694,59.0,,623172,4984,377,2.0,9.0,11470345,975789,45332,6.0,4573,359.0,,9905670,308662,11605,,6.0,2261987,295802,20117,6.0,1186,127.0,4.0,488170,54080,3204,,76,19.0,,126021,51521,4377,,530,43.0,,1051546,6714,315,,32.0
FparExtra_QC_2012161_aid0001,aid0001,2012-06-09,3113650,707645,43248,43.0,3633.0,389.0,3.0,1744293,142689,10106,11.0,24.0,,,772285,202798,18645,74,1157,112,4.0,342433,42091,3339,60.0,418,18.0,1.0,123908,55267,5834,29.0,763,60.0,,441910,4942,506,1.0,12.0,12723253,951438,43211,3.0,2802,208.0,,9179117,346348,14118,,,1872108,306141,19289,3.0,1455,276.0,11.0,463628,45806,2733,,276,23.0,1.0,93315,52966,4499,5.0,456,31.0,,957485,6902,304,,13.0
FparExtra_QC_2012169_aid0001,aid0001,2012-06-17,2526593,534221,37777,32.0,965.0,123.0,4.0,2298122,209654,13456,24.0,5.0,,,856840,255492,21380,150,521,20,1.0,141775,21773,1804,31.0,76,1.0,,128882,74265,7857,2.0,329,18.0,,642338,7241,615,1.0,13.0,12912618,941075,46305,3.0,905,167.0,7.0,8679336,300510,11267,,,2079178,323002,19133,1.0,319,65.0,13.0,242942,30273,1861,2.0,37,4.0,,138119,67890,5236,,167,29.0,2.0,1279924,7478,353,,3.0
FparExtra_QC_2012177_aid0001,aid0001,2012-06-25,3046587,569202,37101,93.0,779.0,69.0,,2662097,389749,26139,,,,,351169,108703,10294,59,551,65,9.0,119008,14477,821,36.0,132,5.0,2.0,97367,42038,3963,13.0,201,28.0,,295565,5576,499,,4.0,11306391,773542,37342,6.0,518,55.0,,11724002,763377,29318,1.0,,1255011,121591,11083,3.0,239,19.0,,108385,10216,1062,1.0,17,,,90298,33308,2975,1.0,85,7.0,,811071,7939,361,,
FparExtra_QC_2012185_aid0001,aid0001,2012-07-03,2303477,518814,33140,100.0,153.0,23.0,,2863141,271682,19028,124.0,,,,633052,214212,17259,30,337,77,1.0,83592,14802,831,,70,11.0,,100363,81434,8286,7.0,206,10.0,,605547,11279,1227,2.0,84.0,8451895,754220,36896,10.0,347,72.0,,12099729,556677,21583,4.0,,2569280,257127,16989,4.0,730,62.0,14.0,249359,22909,1143,,140,19.0,,193894,67767,5371,,187,9.0,,1765404,15620,746,1.0,16.0
FparExtra_QC_2012193_aid0001,aid0001,2012-07-11,1782438,472648,31780,240.0,50.0,2.0,,2586136,270438,14832,39.0,8.0,,,1080309,304059,24294,24,671,78,5.0,202352,24517,1806,6.0,252,20.0,,126367,78722,8559,3.0,608,57.0,,759019,11218,720,,124.0,8403861,740969,36767,4.0,100,6.0,,10965423,392089,16341,3.0,,3244904,408025,22243,5.0,834,92.0,7.0,493804,46729,2497,,395,32.0,,218552,91722,6199,,520,72.0,,1982829,12661,501,,38.0
FparExtra_QC_2012201_aid0001,aid0001,2012-07-19,3029788,660159,43609,82.0,25.0,,,1987248,158565,9394,75.0,,,,740837,218103,17695,55,236,84,2.0,105740,17411,1526,16.0,93,24.0,,137868,74123,8028,4.0,262,26.0,,564428,6255,558,,82.0,12685032,1021918,49641,4.0,51,,,7836773,255531,8864,2.0,6.0,2605986,267666,17814,5.0,325,16.0,,430638,30566,1928,,122,13.0,1.0,314323,79449,6035,2.0,105,9.0,,1464811,10186,380,,22.0
FparExtra_QC_2012209_aid0001,aid0001,2012-07-27,2767516,561320,39038,128.0,27.0,2.0,,2276405,218884,14318,51.0,,,,753835,249842,17106,38,196,21,9.0,91730,15212,1190,2.0,70,9.0,3.0,106586,77522,8373,6.0,118,5.0,,574203,7957,629,7.0,43.0,14079185,1034741,51524,14.0,31,,,7508035,317648,12465,1.0,,1960410,225590,13166,1.0,136,1.0,,294838,22513,1533,,80,11.0,,234909,61050,4421,,55,2.0,,1256701,8845,296,,22.0
FparExtra_QC_2012217_aid0001,aid0001,2012-08-04,3179208,655363,45460,154.0,15.0,3.0,,1966006,146125,10131,125.0,,,,662418,211997,14792,5,258,41,,209897,39761,2912,18.0,106,18.0,,78362,59924,6506,7.0,113,4.0,,486748,5316,549,1.0,58.0,13050725,1070528,53564,11.0,43,1.0,,8254111,243280,10514,3.0,,2197301,247605,13718,,259,8.0,,476662,42286,1823,,165,6.0,1.0,143594,53396,4125,,127,6.0,,1217246,6786,323,,7.0
FparExtra_QC_2012225_aid0001,aid0001,2012-08-12,1944179,506258,32175,170.0,2.0,,,2947086,254575,15507,65.0,,,,818838,305358,20334,17,91,150,,123129,33567,2941,,52,11.0,2.0,61021,77682,7833,2.0,93,32.0,,621735,8647,839,,10.0,8109790,859887,41710,8.0,30,,,12944578,427049,17212,,10.0,2283098,298978,16899,,212,43.0,,373768,39670,2242,,169,32.0,,133106,64994,5331,,55,2.0,,1459654,9263,429,3.0,2.0
FparExtra_QC_2012233_aid0001,aid0001,2012-08-20,2572722,616464,39896,158.0,5.0,,,2446816,227941,16225,14.0,,,,728407,188827,12921,65,68,13,,99836,16750,1209,14.0,11,4.0,,126294,73045,7689,15.0,26,6.0,,600728,5668,559,,5.0,10333080,945176,45743,4.0,26,,,10911683,404884,17321,1.0,,2175243,243671,13857,2.0,67,3.0,,233399,23006,1159,,59,13.0,,205108,61185,5377,1.0,8,,,1459465,8260,422,,1.0
FparExtra_QC_2012241_aid0001,aid0001,2012-08-28,2633629,522213,37608,183.0,5.0,1.0,,2664149,383255,22378,18.0,2.0,,,629251,132401,11305,9,103,7,,89949,12964,1291,,164,4.0,,113038,49474,6306,1.0,95,8.0,,468523,3611,414,3.0,39.0,12686670,931122,45701,7.0,19,,,9130694,469336,20237,,,1859155,207370,11945,,182,9.0,,295462,26589,1413,,62,1.0,,210638,51169,4474,,122,13.0,,1129655,5793,377,,9.0
FparExtra_QC_2013153_aid0001,aid0001,2013-06-02,3157625,679085,42153,155.0,1049.0,64.0,,1528546,77308,5128,24.0,2.0,,,1026630,278593,25639,35,706,61,3.0,175241,31006,2857,2.0,46,9.0,,146000,62821,6089,14.0,386,53.0,,531128,3639,280,1.0,23.0,11634810,868413,41836,2.0,3496,268.0,,8581499,224488,8845,5.0,1.0,3103224,498232,27043,4.0,2113,485.0,17.0,663542,86165,4449,,97,2.0,,135951,56938,5003,,414,38.0,,1135059,5512,270,,3.0
FparExtra_QC_2013161_aid0001,aid0001,2013-06-10,2902149,671143,42799,206.0,405.0,39.0,,1785005,116086,7853,12.0,,,,904274,253901,19549,70,472,21,,231669,52401,3807,39.0,76,9.0,,156944,72672,6960,2.0,194,7.0,,548146,5037,443,1.0,10.0,11451550,979388,47055,6.0,872,109.0,3.0,9651428,317839,11862,1.0,,2371878,325411,18857,3.0,1031,89.0,3.0,358316,35065,2322,,37,20.0,,165867,66258,4873,,173,19.0,,1269598,7974,302,,15.0
FparExtra_QC_2013169_aid0001,aid0001,2013-06-18,2100390,599285,39149,83.0,91.0,8.0,,2110985,142906,9628,81.0,,,,1258764,272314,23560,57,186,53,1.0,311037,33903,3018,10.0,47,22.0,,118654,74666,8007,12.0,174,27.0,,667945,6687,641,,10.0,9907841,817798,39536,4.0,89,5.0,,10576754,303989,12324,1.0,,2637554,397021,23966,3.0,263,30.0,,604313,56210,3788,,60,23.0,,149818,79135,6328,,99,15.0,,1460965,9859,426,,7.0
FparExtra_QC_2013177_aid0001,aid0001,2013-06-26,2013572,427366,28436,190.0,73.0,41.0,,2217248,175810,11247,85.0,2.0,,,1233831,427301,29709,12,291,116,1.0,277527,62010,4022,1.0,101,44.0,,109888,70822,6854,2.0,132,7.0,,677758,7232,638,,32.0,9857318,809290,40673,5.0,128,19.0,,10498912,336989,15439,1.0,11.0,2687227,396094,20514,1.0,522,174.0,,682693,71824,3084,,315,89.0,,148692,74323,5626,,359,120.0,,1427286,10010,451,,35.0
FparExtra_QC_2013185_aid0001,aid0001,2013-07-04,2103400,447631,29591,126.0,21.0,1.0,,2189656,165322,13338,68.0,4.0,,,1275299,378276,28803,38,320,39,4.0,200170,36008,2749,5.0,132,6.0,,110982,80270,7812,2.0,196,30.0,,705021,6404,637,,40.0,7444095,684544,35396,4.0,194,38.0,,12105263,444302,19197,2.0,17.0,3202184,422679,22674,,1445,145.0,2.0,687490,51645,2307,,551,57.0,3.0,157030,72791,5244,,730,123.0,,1717160,10326,482,,104.0
FparExtra_QC_2013193_aid0001,aid0001,2013-07-12,2527105,568253,33631,189.0,20.0,3.0,,2023115,192869,11764,36.0,1.0,,,1085745,310537,22542,21,356,23,,95420,18691,1991,,201,9.0,,98658,90921,9356,4.0,302,18.0,,682260,7527,693,,140.0,9892472,901632,42609,10.0,46,,,9148197,284927,11644,1.0,8.0,3488693,397827,20351,,559,34.0,1.0,475390,42073,2429,,329,32.0,4.0,251480,93586,6457,,257,27.0,,2016164,10446,505,,34.0
FparExtra_QC_2013201_aid0001,aid0001,2013-07-20,2907944,551382,37120,196.0,11.0,23.0,,1736507,92067,6650,23.0,2.0,,,1030295,334823,26882,8,405,63,3.0,189983,47973,3387,,188,12.0,1.0,106103,72862,8463,2.0,487,27.0,,622724,5074,531,,104.0,9439266,822979,41642,5.0,116,1.0,,9569989,231427,9644,,10.0,3401858,448872,24698,2.0,1285,101.0,,944834,74866,3421,,440,52.0,,212676,85096,6617,,706,111.0,,1757825,9219,432,,29.0
FparExtra_QC_2013209_aid0001,aid0001,2013-07-28,1932761,446451,30309,121.0,10.0,,,2097987,108302,6844,70.0,,,,1310611,433564,30475,26,248,76,,269791,53354,4255,,134,20.0,,146192,108312,9535,3.0,150,26.0,,786693,5509,534,,38.0,9430931,790101,39513,5.0,11,,,9771863,253897,9808,,1.0,3291029,470617,25375,6.0,141,12.0,1.0,749862,74346,4240,,74,40.0,,262958,98636,7012,,61,6.0,,1797645,9655,368,,10.0
FparExtra_QC_2013217_aid0001,aid0001,2013-08-05,2262248,521580,32968,137.0,8.0,4.0,,2014527,108411,7882,48.0,,,,1206189,344704,26834,11,161,89,5.0,229551,32933,2867,12.0,78,16.0,,173447,104862,10265,7.0,177,24.0,,695954,5804,506,,92.0,9939193,843849,41055,7.0,17,1.0,,9658191,308634,13479,3.0,,3024247,376208,21818,1.0,532,31.0,,580256,46717,2561,,289,34.0,5.0,280426,98192,7175,,452,66.0,,1833635,10611,513,,26.0
FparExtra_QC_2013225_aid0001,aid0001,2013-08-13,2059811,457347,30735,245.0,16.0,,,2368993,212716,14440,19.0,,,,1113337,312251,23422,10,265,67,1.0,257871,38042,2996,1.0,88,12.0,,109223,82711,8994,2.0,151,11.0,,681443,6531,618,,32.0,7661401,694545,36950,9.0,28,,,12482098,435285,19350,,,2749835,397687,19488,1.0,750,71.0,11.0,528897,52743,1936,,154,79.0,18.0,182375,77860,6666,,115,50.0,,1729920,9317,531,,54.0
FparExtra_QC_2013233_aid0001,aid0001,2013-08-21,2270499,616594,37649,63.0,6.0,2.0,,2468134,214158,15672,63.0,,,,873029,179399,14785,49,65,7,,221221,27867,2021,31.0,41,3.0,1.0,120485,63991,8657,8.0,42,10.0,,641101,5941,797,,10.0,7758793,775870,39218,,21,1.0,,11355371,412274,17310,,10.0,3100138,318238,17568,1.0,214,8.0,5.0,689323,43094,2546,,183,24.0,1.0,253393,84501,7384,,145,24.0,,2200048,11895,611,,12.0
FparExtra_QC_2013241_aid0001,aid0001,2013-08-29,3210354,684236,44461,122.0,24.0,5.0,,1844059,138354,10121,45.0,5.0,,,719824,217477,14932,70,208,136,,77280,15520,1210,20.0,104,12.0,,159784,69862,8001,11.0,210,23.0,,559545,5616,703,4.0,63.0,12791431,1030078,50144,11.0,20,7.0,,8189053,296236,13713,3.0,4.0,2248812,229583,12965,,148,9.0,,207408,14058,1051,1.0,133,5.0,,320306,68965,5706,1.0,89,15.0,,1598878,8824,532,,35.0
FparExtra_QC_2014153_aid0001,aid0001,2014-06-02,3050743,652074,39902,88.0,1825.0,161.0,1.0,1477937,99306,5388,96.0,18.0,,,1040462,281852,24536,31,698,55,,283336,47076,5172,4.0,29,,,158533,73557,6662,5.0,695,50.0,,527786,3914,334,,75.0,10551119,849673,40103,6.0,9170,674.0,5.0,8822401,231619,8966,2.0,1.0,3313411,525299,26493,,3709,663.0,11.0,1074995,106389,5612,,318,9.0,,125310,68296,5098,,1322,118.0,,1311278,5883,195,,76.0
FparExtra_QC_2014161_aid0001,aid0001,2014-06-10,3161294,757035,46409,72.0,516.0,46.0,,1583847,118822,6863,10.0,6.0,,,860549,194712,18669,116,299,53,1.0,276383,53572,3677,80.0,48,17.0,,132410,58421,6247,19.0,498,25.0,,497053,4255,299,1.0,77.0,11204649,921073,42398,5.0,3156,255.0,2.0,9451281,281906,10722,,6.0,2520572,386924,24261,7.0,660,138.0,8.0,584911,64945,3759,1.0,177,7.0,,162134,65709,5323,,704,44.0,,1345341,6842,254,,50.0
FparExtra_QC_2014169_aid0001,aid0001,2014-06-18,2555844,566686,36037,112.0,456.0,71.0,1.0,1848113,111520,6956,2.0,2.0,,,1012146,279411,26267,58,591,45,1.0,341786,63119,5198,16.0,165,8.0,,173169,83506,8215,15.0,300,29.0,,655497,6411,552,,96.0,10532113,858521,39258,5.0,1095,132.0,,8072588,178032,6757,1.0,,3444705,490167,27510,2.0,1244,252.0,5.0,1280149,130450,6433,,230,4.0,,236340,84741,6385,,407,28.0,,1682107,8179,360,,24.0
FparExtra_QC_2014177_aid0001,aid0001,2014-06-26,2699841,575056,35746,201.0,89.0,15.0,,2060139,150638,9123,77.0,,,,893437,282929,25201,27,125,30,1.0,160986,35371,2945,2.0,38,12.0,,135015,81885,8618,6.0,93,12.0,,617026,7095,578,,44.0,12003498,932777,43475,15.0,418,37.0,,8205561,234972,10358,,,2830882,400534,24143,1.0,368,41.0,3.0,599554,58914,3273,,137,13.0,3.0,181892,76143,5516,,232,9.0,,1468300,6884,238,,33.0
FparExtra_QC_2014185_aid0001,aid0001,2014-07-04,3320352,674029,39441,199.0,14.0,,,1678839,122173,8465,35.0,,,,720745,245661,21447,8,43,66,1.0,148082,29585,2628,7.0,52,22.0,,162324,88437,8347,7.0,26,7.0,,504867,5907,583,,2.0,11632977,943336,44124,7.0,194,10.0,,8654026,295241,10889,1.0,13.0,2624061,323315,20839,3.0,353,15.0,,620893,50601,2935,,84,18.0,,272412,77493,5590,,76,3.0,,1498720,9587,399,,9.0
FparExtra_QC_2014193_aid0001,aid0001,2014-07-12,1887296,410671,28124,116.0,16.0,,,2517179,191115,12450,62.0,,,1.0,1085087,375616,29398,17,138,54,6.0,208074,40533,2906,10.0,70,7.0,,118474,93094,9042,1.0,82,36.0,,764349,7651,711,,15.0,8135744,691100,33820,4.0,39,,,11211009,377326,16796,5.0,,3246038,464223,25984,1.0,239,29.0,,654272,64261,2850,,133,44.0,,250569,86583,6256,,162,40.0,,1810340,9811,509,,37.0
FparExtra_QC_2014201_aid0001,aid0001,2014-07-20,2340038,515820,33422,129.0,,4.0,,2526881,264895,15652,21.0,2.0,,,785703,277059,21833,25,179,36,,119902,16914,1496,,91,22.0,,102318,71449,8340,9.0,55,4.0,,671064,8186,818,3.0,31.0,10582387,834059,41172,7.0,25,9.0,,10550200,422665,17704,,,2209290,334751,18112,1.0,167,7.0,,333594,26412,1540,,42,6.0,,180120,70754,5799,,70,8.0,,1447393,11361,564,,5.0
FparExtra_QC_2014209_aid0001,aid0001,2014-07-28,1436587,350413,24564,174.0,4.0,4.0,,3033576,276991,19641,21.0,2.0,,1.0,1008507,361854,26399,10,178,30,4.0,189173,32686,2310,3.0,124,13.0,,92209,78224,8637,7.0,77,9.0,,829773,9314,852,,30.0,7524036,687405,34511,17.0,32,,,11049729,378994,18023,,,3503081,422978,23282,1.0,291,15.0,1.0,800266,48021,2492,,181,18.0,,224039,95654,7179,,136,12.0,,2253754,13449,612,,15.0
FparExtra_QC_2014217_aid0001,aid0001,2014-08-05,1276270,385435,24377,138.0,5.0,,,3135243,259991,18353,65.0,,,,1008898,320839,25386,34,211,44,3.0,243803,29257,2359,1.0,125,10.0,7.0,108309,96901,10431,5.0,207,12.0,,825361,9166,1117,,38.0,8549097,792567,36574,2.0,11,1.0,,10497783,354090,15037,7.0,,3331163,409744,22706,1.0,243,30.0,3.0,580069,44922,2898,,140,25.0,7.0,314497,100646,8009,1.0,241,15.0,,2015689,11365,633,,8.0
FparExtra_QC_2014225_aid0001,aid0001,2014-08-13,2715220,630079,42391,105.0,9.0,1.0,,1925095,125375,10153,122.0,7.0,,,960070,252895,18646,17,507,40,9.0,202042,28657,2102,5.0,161,10.0,1.0,163429,78400,8581,3.0,131,2.0,,612245,5292,552,1.0,46.0,11970922,926595,45439,6.0,29,5.0,,8235308,273402,11668,2.0,,2626083,316856,18679,5.0,256,25.0,1.0,560840,50194,3058,,168,13.0,,347196,83571,6602,,222,3.0,,1601152,9376,523,,25.0
FparExtra_QC_2014233_aid0001,aid0001,2014-08-21,3263415,644470,42512,82.0,8.0,2.0,,1685738,131375,8139,163.0,2.0,,,785948,235886,17517,17,56,31,,137175,33336,2940,,22,13.0,,188430,78653,8602,1.0,25,11.0,,512202,5067,552,,11.0,13485885,1031532,48522,4.0,6,,,6909137,162005,7144,2.0,,2639992,306110,18867,5.0,89,7.0,,439605,50319,3739,,25,7.0,,373953,81611,6671,,26,3.0,,1515949,6646,356,,7.0
FparExtra_QC_2014241_aid0001,aid0001,2014-08-29,2848843,586956,38105,178.0,22.0,1.0,,1732279,103516,6148,20.0,1.0,,,950851,261738,21281,21,307,38,4.0,206624,49635,3868,2.0,128,8.0,1.0,218403,106479,11383,6.0,187,23.0,,629331,5447,458,,109.0,14009469,990933,46119,12.0,31,2.0,,6291844,140401,5278,1.0,1.0,2597855,388456,21878,2.0,400,8.0,,423721,55224,4237,,223,14.0,,487929,115007,8511,,169,20.0,,1493832,6303,309,,35.0
FparExtra_QC_2015153_aid0001,aid0001,2015-06-02,2651366,616545,38211,193.0,195.0,14.0,,1969787,187579,11267,6.0,,,,967774,252302,20597,39,319,56,,231598,50624,3682,22.0,68,56.0,,126305,60497,6765,8.0,140,4.0,,579236,6493,623,,29.0,9861039,882126,42478,4.0,1356,117.0,,10202695,351632,13808,5.0,7.0,2874667,382576,20727,,13249,395.0,1.0,483529,45891,3062,,159,32.0,,183799,70489,5370,,472,98.0,,1638934,9060,386,,31.0
FparExtra_QC_2015161_aid0001,aid0001,2015-06-10,3046666,671841,41049,191.0,42.0,1.0,,1823437,119495,7660,33.0,2.0,,,818566,217691,21322,20,257,18,2.0,162529,32006,2743,4.0,76,14.0,,163890,80294,8250,4.0,226,10.0,,558543,5079,409,6.0,25.0,10549780,928257,40381,5.0,219,11.0,,9127052,259270,10084,1.0,8.0,3031916,381735,23728,1.0,556,22.0,,531491,52915,3002,,149,24.0,,289036,92919,6551,,244,6.0,,1750210,8233,389,,29.0
FparExtra_QC_2015169_aid0001,aid0001,2015-06-18,2706336,651278,39710,230.0,10.0,2.0,,2012578,115449,8405,36.0,,,,842235,262438,21319,34,96,18,1.0,281148,41678,3496,11.0,27,11.0,,151915,84541,7534,10.0,20,1.0,,545074,6016,738,2.0,4.0,10976678,922785,41783,15.0,27,13.0,,9802720,288133,10751,1.0,,2343858,359910,21931,,268,19.0,,625718,63750,4342,,75,5.0,,204755,81878,5600,,256,19.0,,1323877,8731,318,,8.0
FparExtra_QC_2015177_aid0001,aid0001,2015-06-26,2392199,457674,28881,158.0,23.0,1.0,,2472820,308933,18560,35.0,,,,841619,263662,24269,7,182,26,,194044,35459,2720,1.0,88,14.0,1.0,109531,68414,7168,10.0,84,12.0,,548095,6899,759,,53.0,7185996,644663,31631,4.0,33,16.0,,12513161,500098,21753,,,2959008,395214,22775,5.0,400,17.0,,791234,70322,3601,,159,11.0,,167333,72935,5725,,456,37.0,,1690420,10648,548,,21.0
FparExtra_QC_2015185_aid0001,aid0001,2015-07-04,1426509,410987,26896,88.0,19.0,5.0,,3197370,306796,19531,80.0,,,,913577,280226,23593,80,101,43,3.0,210670,25138,2330,10.0,43,9.0,4.0,92675,79442,8832,6.0,116,25.0,2.0,745949,10225,972,5.0,44.0,5945418,596284,29602,7.0,29,4.0,,12629846,515238,20650,1.0,1.0,3495758,426025,24001,2.0,163,5.0,,952694,65861,3742,,251,4.0,,189453,83860,6307,,116,7.0,,2089360,12968,538,,29.0
FparExtra_QC_2015193_aid0001,aid0001,2015-07-12,2621343,593720,37851,136.0,9.0,3.0,,2008144,205634,12529,42.0,2.0,,,943796,230863,19457,30,79,28,2.0,233923,29452,2552,2.0,53,9.0,,135149,75923,8728,7.0,118,5.0,,615795,6536,464,3.0,14.0,13116165,1032710,47246,6.0,33,,,7006459,165672,6836,4.0,,2675094,332176,19964,,283,9.0,,793566,60090,3082,,144,11.0,,311924,91830,6772,,140,22.0,,1409620,7974,386,,6.0
FparExtra_QC_2015201_aid0001,aid0001,2015-07-20,2701766,580179,36443,130.0,22.0,4.0,,1954286,122122,8210,138.0,5.0,,,966956,312742,25016,32,169,44,3.0,173098,25005,2453,,72,9.0,,149357,88954,8845,6.0,71,9.0,,619439,6183,561,,72.0,12878787,1016957,47338,9.0,36,3.0,,7438064,183822,7719,1.0,,2676765,328475,19628,,120,16.0,1.0,436260,38361,2129,,68,5.0,1.0,357017,95204,6799,1.0,66,3.0,,1545912,8244,400,,13.0
FparExtra_QC_2015209_aid0001,aid0001,2015-07-28,3280275,618958,42261,198.0,2.0,3.0,,1937954,166946,10069,14.0,,,,640250,216258,16793,15,146,21,2.0,98042,20692,1674,,54,1.0,,145715,94247,8779,3.0,59,6.0,,476631,5790,509,1.0,33.0,14264032,1130090,54895,4.0,8,,,7495449,212744,8549,,,1812672,190285,13012,,164,3.0,,278940,28144,1886,,22,4.0,,299966,73195,5366,,103,8.0,,1211073,7286,324,,
FparExtra_QC_2015217_aid0001,aid0001,2015-08-05,2061465,463683,31773,138.0,8.0,2.0,,2225259,170447,9724,50.0,,,,1185938,387360,26816,30,143,37,,157059,29352,2213,8.0,74,13.0,1.0,170760,107280,9603,3.0,64,9.0,,735372,7057,628,1.0,31.0,12173466,939894,45991,12.0,32,,,7807521,223713,9700,,,2830377,361104,19131,,231,6.0,2.0,476212,41586,2768,,86,19.0,,467650,97659,7004,,94,1.0,,1576205,7418,334,,8.0
FparExtra_QC_2015225_aid0001,aid0001,2015-08-13,1873741,445749,30967,170.0,14.0,2.0,,3011321,316388,20397,63.0,4.0,,,834592,236809,19186,7,316,70,4.0,119296,19813,2353,9.0,147,19.0,,88432,68783,8138,2.0,248,40.0,,676612,7889,748,,72.0,9078260,756998,37225,6.0,14,,,11865353,504967,22560,1.0,,2233308,286646,16502,1.0,315,14.0,1.0,309241,30813,2010,,243,14.0,,256053,78619,6385,,219,27.0,,1591099,10682,640,,8.0
FparExtra_QC_2015233_aid0001,aid0001,2015-08-21,2403891,500883,33548,116.0,2.0,,,2872787,315943,23440,23.0,,,,632175,226765,15341,39,43,20,,107988,15916,1407,26.0,12,10.0,,101564,63762,6268,4.0,13,2.0,,455336,4653,423,,1.0,8898996,807466,40678,9.0,14,,,13495590,562351,25260,,,1537257,182582,12189,2.0,31,12.0,,213589,18265,1346,,8,1.0,,179792,49820,4857,,33,3.0,,1051597,6037,439,,
FparExtra_QC_2015241_aid0001,aid0001,2015-08-29,1568654,430279,29685,100.0,15.0,1.0,,2902836,337923,20824,47.0,5.0,,,1009638,221955,18080,92,509,40,,193971,25176,2229,3.0,297,9.0,1.0,103202,65550,8653,18.0,243,21.0,,832322,8661,1317,1.0,44.0,8216855,678035,34593,2.0,20,1.0,,11885217,498515,19519,2.0,,2562563,330650,19040,2.0,235,19.0,,556864,46773,3311,,163,12.0,,244293,86921,7310,,96,3.0,,1883140,13258,808,,4.0
FparExtra_QC_2016153_aid0001,aid0001,2016-06-01,3261760,671883,47833,195.0,242.0,5.0,,1561914,95024,4788,29.0,,,,834214,260261,20126,16,117,29,4.0,185646,39860,2920,9.0,31,6.0,,184381,76018,6112,2.0,125,6.0,,524215,4311,307,,12.0,12419176,1090818,49814,3.0,3282,126.0,,8908749,237248,9314,,,2197763,307448,18179,6.0,4590,1025.0,6.0,421047,47639,3025,3.0,92,,,185272,61361,4241,,552,74.0,,1111987,5122,208,,54.0
FparExtra_QC_2016161_aid0001,aid0001,2016-06-09,3523905,740019,42880,101.0,99.0,14.0,,1488544,131263,8387,64.0,,,,732897,214773,18827,71,196,97,,230626,37329,2793,19.0,92,34.0,,134730,67404,6622,12.0,139,17.0,,394277,5577,493,4.0,96.0,12213857,1012664,45068,16.0,710,77.0,,9351167,329770,11703,1.0,,1934867,282631,18855,1.0,675,34.0,,352529,43176,2671,,79,,,154899,61431,4718,,310,25.0,,1258101,7819,358,,12.0
FparExtra_QC_2016169_aid0001,aid0001,2016-06-17,3335523,725513,45778,92.0,82.0,9.0,,1603132,115135,7812,49.0,,,,807953,199348,18427,75,39,6,2.0,169154,19855,1715,34.0,8,1.0,,146519,73873,6892,11.0,40,1.0,,500190,4723,398,1.0,11.0,13730500,1082331,49595,4.0,231,38.0,,8281760,264418,10937,1.0,,1738418,250460,17049,3.0,316,86.0,6.0,205461,21550,1400,,4,,,194762,66474,4916,,34,3.0,,1161143,6053,270,,1.0
FparExtra_QC_2016177_aid0001,aid0001,2016-06-25,3052182,622918,44020,147.0,,,,1778810,144710,7924,20.0,2.0,,,886582,264341,19687,15,88,22,,123086,20209,1619,13.0,47,5.0,,152620,83916,7828,10.0,83,8.0,,564848,6132,467,2.0,40.0,11977455,1084104,50578,7.0,23,3.0,,8712385,210094,7404,,,2454793,302831,18330,2.0,258,18.0,,392941,34470,1846,,142,3.0,,217753,77726,5777,,66,3.0,,1530246,8512,423,,18.0
FparExtra_QC_2016185_aid0001,aid0001,2016-07-03,2419035,540326,36198,81.0,11.0,,,1808960,87792,5373,55.0,,,,1302634,350264,28683,75,122,24,1.0,202254,31558,2957,6.0,60,5.0,,192313,100485,8950,5.0,131,15.0,,658789,4717,497,,25.0,13508897,979934,46426,5.0,16,8.0,,7054977,162144,5739,,,2610609,379483,23203,4.0,387,31.0,1.0,594558,62540,3645,,176,47.0,,307527,89929,6190,,229,41.0,,1243540,7671,252,,15.0
FparExtra_QC_2016193_aid0001,aid0001,2016-07-11,2719945,600731,38434,106.0,12.0,17.0,,1837158,114271,6715,33.0,,,,1039719,284553,21955,72,325,86,2.0,138334,37749,2912,1.0,161,24.0,,179103,106204,10789,15.0,129,21.0,,635113,7056,588,1.0,67.0,15154545,1037190,48720,10.0,19,11.0,,6312092,163172,5953,,,2074315,331256,19864,4.0,356,54.0,,286733,37104,2135,,164,43.0,1.0,331256,106140,7143,,253,17.0,,1161355,7947,302,,70.0
FparExtra_QC_2016201_aid0001,aid0001,2016-07-19,3071245,651986,42926,142.0,16.0,,,1793091,139553,9229,24.0,,,,850233,213171,17652,43,195,46,1.0,140455,22431,2026,,108,13.0,3.0,152332,86801,9078,17.0,180,51.0,,571710,6827,718,,98.0,14227397,1077069,50227,6.0,49,4.0,,6638825,201995,8394,3.0,,2285601,271529,16786,,354,63.0,1.0,366987,31388,2064,,184,25.0,,353175,95517,6645,,176,31.0,,1442648,10569,504,,8.0
FparExtra_QC_2016209_aid0001,aid0001,2016-07-27,2657031,554783,36493,143.0,20.0,3.0,,1764791,129881,7377,52.0,3.0,,,1179112,342291,24736,26,221,25,2.0,105979,21557,1652,,90,10.0,,130893,96402,10298,2.0,148,20.0,,711398,6277,633,,52.0,10289969,903134,44347,5.0,20,4.0,,9573437,240143,10365,4.0,,2996480,388690,20354,3.0,333,39.0,1.0,354055,29530,1756,1.0,203,24.0,1.0,322292,99356,7259,,280,17.0,,1796441,9210,449,,22.0
FparExtra_QC_2016217_aid0001,aid0001,2016-08-04,2491238,538858,35522,99.0,13.0,,,1825353,100462,7998,40.0,12.0,,,1255333,332408,24948,85,630,55,,124777,23403,1995,1.0,228,16.0,1.0,169469,100132,10590,,290,25.0,,731596,6062,582,1.0,179.0,11644737,883821,45197,5.0,55,2.0,,7594905,166833,7920,7.0,1.0,3381649,430340,21726,3.0,791,57.0,2.0,392689,30289,1714,,305,51.0,,419972,113962,8650,,438,34.0,,1931107,10425,480,,57.0
FparExtra_QC_2016225_aid0001,aid0001,2016-08-12,2434353,525419,30755,187.0,44.0,7.0,,1413701,66947,3913,9.0,11.0,,,1513274,420418,30597,15,810,142,8.0,255997,55924,4702,5.0,312,30.0,,187992,113134,10806,10.0,551,57.0,,707527,4234,388,,122.0,11363878,846042,39433,9.0,68,38.0,,7237335,142929,5564,,6.0,3860153,539249,27801,7.0,1735,384.0,8.0,774125,85452,5430,,669,71.0,,433654,118055,8102,,778,88.0,,1590574,6175,349,,63.0
FparExtra_QC_2016233_aid0001,aid0001,2016-08-20,3283905,693790,44768,151.0,9.0,,,1572647,138222,7315,43.0,,,,888784,202417,16301,17,126,23,,155412,23912,2365,18.0,64,10.0,,155759,77005,8734,7.0,65,5.0,,505609,4485,415,,18.0,12149249,1017509,50079,7.0,50,,,8048633,202047,7920,4.0,,2663292,302081,16759,,272,24.0,1.0,458282,40387,2886,,142,12.0,,364953,93318,6972,,146,1.0,,1655675,7074,414,,35.0
FparExtra_QC_2016241_aid0001,aid0001,2016-08-28,3313483,706085,47572,138.0,14.0,2.0,,1680937,157739,8624,11.0,,,,784343,181346,13939,69,149,27,,95650,15529,1333,3.0,29,,1.0,178269,68727,7690,20.0,86,10.0,,516369,3809,383,2.0,13.0,11071275,1003509,47810,5.0,25,1.0,,8741487,231785,9974,1.0,,2858630,294274,16724,,315,33.0,1.0,307943,24465,2072,,140,15.0,,374745,89083,7056,,83,8.0,,1998005,8252,499,,9.0
FparExtra_QC_2017153_aid0001,aid0001,2017-06-02,3073366,672605,47179,82.0,2089.0,184.0,16.0,1602568,129941,6849,32.0,56.0,,,936588,236605,18742,69,814,90,6.0,222286,35128,2982,42.0,82,2.0,,182915,71955,6085,7.0,582,74.0,,527085,4979,287,,29.0,10112100,1021559,48907,3.0,14571,860.0,5.0,10397631,297152,11102,3.0,24.0,2679850,330827,19048,1.0,10136,3779.0,29.0,547604,48143,2730,,270,16.0,,135837,56602,3932,,1230,164.0,2.0,1337470,6315,257,,65.0
FparExtra_QC_2017161_aid0001,aid0001,2017-06-10,2584875,626862,37883,77.0,1044.0,160.0,2.0,1758673,139990,7376,25.0,24.0,,,1200510,273464,25175,156,593,42,2.0,239160,37502,2817,29.0,163,23.0,1.0,155114,72374,6967,10.0,398,36.0,,604767,5593,416,,98.0,12142001,956345,43806,9.0,4697,463.0,13.0,8780228,234573,8035,1.0,,2430327,393539,23531,1.0,6274,901.0,3.0,509501,55264,2985,,328,33.0,,165566,79188,5713,,737,116.0,,1236720,6929,256,,141.0
FparExtra_QC_2017169_aid0001,aid0001,2017-06-18,2953690,562662,36148,181.0,156.0,25.0,,1479775,83531,4305,40.0,,,,1133764,402214,29473,26,207,54,2.0,224240,43948,3632,9.0,60,25.0,,161635,86940,7044,3.0,162,22.0,,563511,4582,335,,,12109423,1016157,48311,5.0,2073,232.0,,8368489,159495,6178,,,2815284,428006,23724,5.0,2033,532.0,11.0,569262,65100,3368,,271,14.0,2.0,174619,63662,4387,,594,58.0,,1221514,5131,256,,28.0
FparExtra_QC_2017177_aid0001,aid0001,2017-06-26,2675285,546247,36179,147.0,37.0,,,1825360,95135,6463,16.0,,,,1044462,379797,28433,45,216,157,6.0,213100,36191,2959,3.0,43,22.0,,146391,95167,7712,12.0,157,21.0,1.0,636202,5912,459,,64.0,12138545,984990,45716,10.0,804,62.0,,8901137,260301,9397,1.0,,2314413,362530,20935,1.0,1020,287.0,,401427,43399,2741,,88,5.0,,170047,71146,5333,,200,4.0,,1344913,8472,294,,6.0
FparExtra_QC_2017185_aid0001,aid0001,2017-07-04,2793170,600147,39966,165.0,28.0,3.0,,1874598,122156,8405,36.0,,,,1015468,294764,21759,19,341,97,1.0,132473,25700,2190,6.0,156,18.0,,130826,91489,8576,6.0,195,40.0,1.0,613566,5481,487,1.0,62.0,11765479,988774,47025,11.0,233,9.0,,9305067,290732,12045,,,2336638,288907,17119,,678,126.0,7.0,328884,30790,1901,,292,29.0,,225408,77206,5610,1.0,208,49.0,,1356124,8494,269,,57.0
FparExtra_QC_2017193_aid0001,aid0001,2017-07-12,2609647,572972,37487,138.0,26.0,5.0,,1988125,177995,12288,56.0,19.0,,,1109099,324616,21868,29,428,73,1.0,75624,18855,1128,11.0,127,13.0,,90180,72697,8372,5.0,381,17.0,,654297,5150,579,2.0,91.0,10553229,934787,44354,6.0,82,8.0,,9192149,253038,11917,,,3134942,378900,18498,5.0,529,28.0,,348231,30197,1498,,276,11.0,,229709,87505,6287,,295,15.0,,1852517,8742,411,,58.0
FparExtra_QC_2017201_aid0001,aid0001,2017-07-20,2561657,515098,33455,169.0,24.0,17.0,,2181037,218354,14754,20.0,,,,929914,296373,21618,34,232,36,1.0,263350,57302,3432,1.0,138,10.0,1.0,71646,64933,7935,2.0,58,14.0,,531871,8117,790,,8.0,9836043,809587,40991,8.0,94,25.0,,10028096,357595,15944,2.0,1.0,2885360,364337,18943,3.0,582,82.0,,587053,64497,2953,,234,34.0,1.0,241069,81811,6280,1.0,255,11.0,,1733949,11808,519,,56.0
FparExtra_QC_2017209_aid0001,aid0001,2017-07-28,2902482,632988,42867,135.0,9.0,,,2174164,168444,9848,97.0,3.0,,,755844,258942,18839,34,194,70,1.0,123969,21824,1691,,103,21.0,,77893,76112,7811,,76,10.0,,501914,5568,421,,27.0,8751353,852518,39556,3.0,36,,,11002995,310186,14360,4.0,1.0,2996377,397597,20884,9.0,199,15.0,,419166,41161,2070,,96,6.0,1.0,223471,95839,7159,2.0,136,16.0,,1902244,10266,495,,3.0
FparExtra_QC_2017217_aid0001,aid0001,2017-08-05,1476486,422389,29459,27.0,105.0,38.0,,2937754,201205,12442,148.0,11.0,,,1142195,381877,29027,39,406,81,,151628,29002,2026,2.0,130,19.0,,85037,87545,8364,,111,13.0,,777680,6479,648,,28.0,5858733,648871,32397,3.0,7,17.0,,12229485,301419,13420,8.0,,4137088,577911,28944,,599,62.0,2.0,517941,55665,3497,,198,15.0,1.0,229502,105594,7987,,158,22.0,,2328681,9462,517,,18.0
FparExtra_QC_2017225_aid0001,aid0001,2017-08-13,2068786,485468,33207,196.0,16.0,5.0,,2601598,196697,13759,41.0,,,,971736,323972,21669,24,297,74,4.0,171209,35123,2923,5.0,92,14.0,1.0,111867,83635,9014,7.0,151,31.0,,643305,6748,621,1.0,105.0,9775445,734643,37260,6.0,14,,,11155086,504483,21784,6.0,,2313730,316047,16746,2.0,219,43.0,2.0,378014,36989,2285,,111,10.0,,220863,77032,5949,,84,4.0,,1482189,8709,456,,13.0
FparExtra_QC_2017233_aid0001,aid0001,2017-08-21,2510503,529095,38683,138.0,15.0,4.0,,2635527,264256,16157,84.0,2.0,,,691817,197139,15200,18,191,10,,122637,24307,1531,2.0,43,1.0,,120789,70182,8441,1.0,104,6.0,,529458,5443,574,,43.0,10216701,932937,46615,5.0,22,2.0,,10416088,338986,14933,5.0,,2537988,274760,15077,,129,17.0,,355484,37273,1965,,74,11.0,,276683,73903,5696,,62,5.0,,1536313,6130,340,,20.0
FparExtra_QC_2017241_aid0001,aid0001,2017-08-29,1877059,528901,34303,184.0,9.0,,,3335997,324920,25007,68.0,,,,682277,173071,14055,28,107,2,,95723,17947,1213,8.0,41,3.0,,54906,53196,6729,9.0,34,6.0,,549668,5995,931,1.0,3.0,5988563,526909,27049,7.0,5,,,15949462,757222,33604,,,1757329,271990,14811,,34,1.0,,246769,24963,1309,,11,,,100188,61559,5730,1.0,19,,,1310367,9492,829,,1.0
FparExtra_QC_2018153_aid0001,aid0001,2018-06-02,2816222,638356,45172,40.0,378.0,20.0,,2130094,152115,10508,77.0,5.0,,,773556,239896,16998,85,574,63,1.0,257298,48929,3312,28.0,60,11.0,,131452,60153,5723,25.0,205,17.0,,444750,5807,443,11.0,17.0,11929506,943537,46834,4.0,3726,257.0,,10620956,437257,16792,5.0,,1506924,232619,14774,2.0,2682,663.0,7.0,380274,40767,2543,,598,1.0,,75893,41965,3439,,329,42.0,,778704,6812,290,,22.0
FparExtra_QC_2018161_aid0001,aid0001,2018-06-10,3070000,716786,42396,122.0,353.0,34.0,,1749080,113470,8958,58.0,4.0,,,847220,227478,20196,59,647,98,,188065,36252,2874,,158,33.0,,141713,70319,7412,3.0,644,31.0,,531463,5811,573,,91.0,10086528,824305,39862,5.0,1316,149.0,,10783655,380278,15095,,7.0,2345807,359545,20861,2.0,1888,216.0,7.0,517047,67830,3392,,208,81.0,1.0,142086,71975,5846,,409,45.0,,1410447,8918,377,,36.0
FparExtra_QC_2018169_aid0001,aid0001,2018-06-18,2536447,617162,38437,61.0,30.0,5.0,,1918678,108329,6922,65.0,,,,1064667,265366,25433,68,167,7,2.0,217884,51213,4138,20.0,52,3.0,,169570,86116,8686,30.0,111,3.0,,655513,6614,587,,15.0,10085712,761607,34257,10.0,207,25.0,,8683670,217319,8617,3.0,,3735702,509438,29840,2.0,758,56.0,7.0,839008,121362,7177,,287,19.0,,223020,90817,6500,,316,22.0,,1722365,9688,397,,16.0
FparExtra_QC_2018177_aid0001,aid0001,2018-06-26,2656629,565242,38248,192.0,42.0,,,2109219,195896,12127,9.0,1.0,,,982683,269964,20927,23,210,38,2.0,143205,31988,2654,,80,16.0,,98338,72427,8021,5.0,185,8.0,,565502,7804,678,1.0,37.0,12397289,924212,43992,10.0,100,32.0,,9280527,326238,12933,,,2015991,317623,18951,6.0,236,33.0,,245650,39589,2102,,93,8.0,,169841,75202,5613,,62,4.0,,1201525,9931,412,,19.0
FparExtra_QC_2018185_aid0001,aid0001,2018-07-04,3548812,788503,49365,186.0,14.0,8.0,,1591049,116544,8996,27.0,3.0,,,738465,169053,15529,29,528,58,3.0,76774,11294,903,7.0,244,16.0,,103899,53682,5790,4.0,313,26.0,,496862,4847,448,,120.0,10176152,904134,43282,12.0,74,7.0,,10195834,340910,14308,,1.0,2773020,328863,19647,,533,104.0,3.0,296493,24955,1482,,331,55.0,,137128,68226,4847,1.0,393,28.0,,1747188,9791,366,,56.0
FparExtra_QC_2018193_aid0001,aid0001,2018-07-12,2750865,596209,40894,175.0,38.0,6.0,,1990668,151431,10432,48.0,,,,915557,282982,20728,7,326,73,,207871,30132,2638,,115,15.0,,90131,73799,7866,5.0,139,21.0,,602110,6374,703,1.0,40.0,10116348,936271,47215,7.0,134,46.0,,9857971,256423,11323,1.0,2.0,2895042,355518,18123,4.0,670,80.0,,558056,48262,2551,,260,86.0,,201270,74843,5478,2.0,236,43.0,,1691681,9822,418,1.0,37.0
FparExtra_QC_2018201_aid0001,aid0001,2018-07-20,2462361,545115,35452,193.0,9.0,,,2274193,170657,12039,53.0,1.0,,,1008892,315435,23771,5,161,92,,162040,24028,1845,,131,26.0,1.0,78542,72190,7944,1.0,116,28.0,,580135,6297,608,1.0,39.0,9450794,816734,40995,6.0,35,1.0,,11137153,365361,14314,1.0,,2638807,365876,20971,6.0,427,26.0,1.0,464494,37661,2192,,202,17.0,,153534,77100,5828,1.0,203,12.0,,1483483,11507,466,,16.0
FparExtra_QC_2018209_aid0001,aid0001,2018-07-28,1456101,377854,26255,86.0,26.0,14.0,,2963157,237055,16809,157.0,2.0,,,1120733,415905,27197,22,430,74,1.0,179759,37568,2446,,176,51.0,1.0,80719,88879,8458,5.0,210,9.0,1.0,733035,8463,705,,38.0,4951867,588933,30302,5.0,24,6.0,,15590488,572198,26177,2.0,,2603913,382599,19628,,674,57.0,,459000,48770,2327,,425,23.0,2.0,135833,80312,5952,,426,14.0,,1577466,10233,545,,23.0
FparExtra_QC_2018217_aid0001,aid0001,2018-08-05,1172988,362318,24341,65.0,10.0,2.0,,3760694,392633,25770,205.0,1.0,,,846535,237454,18830,5,324,58,3.0,108119,15965,1902,1.0,143,10.0,,73520,80891,9376,1.0,312,27.0,,639517,9276,1005,4.0,96.0,5448605,541726,27198,,18,2.0,,15421266,678329,31894,15.0,,2412868,308351,16488,,354,35.0,3.0,400156,32862,1941,,153,13.0,,188597,80929,6342,,160,27.0,1.0,1477799,11395,650,,47.0
FparExtra_QC_2018225_aid0001,aid0001,2018-08-13,705652,287159,18678,26.0,44.0,13.0,,4101089,432415,26429,206.0,7.0,,,822559,309785,24103,8,450,67,2.0,202457,30936,2727,,177,14.0,,34844,69239,8429,,309,44.0,,692663,10632,1184,,54.0,3194748,460717,24402,3.0,19,17.0,,16909658,692567,31496,2.0,1.0,2795798,419035,21049,1.0,616,24.0,,568465,55973,2876,,261,16.0,,85328,63508,5901,1.0,387,27.0,,1743641,10992,675,,20.0
FparExtra_QC_2018233_aid0001,aid0001,2018-08-21,1429820,357997,23516,123.0,1.0,,,3866028,432020,30293,112.0,,,,603432,211096,16692,17,111,31,1.0,67847,15163,1145,,60,15.0,1.0,85238,67670,8525,1.0,13,1.0,,556515,7926,946,,45.0,7704645,629417,31357,3.0,12,,,13975141,638144,30505,3.0,,1883211,264799,15809,,85,15.0,,215722,20003,1554,,63,16.0,1.0,191901,67797,5827,,27,6.0,,1402409,9207,541,,4.0
FparExtra_QC_2018241_aid0001,aid0001,2018-08-29,2567826,563516,35822,102.0,18.0,,,1828276,136242,7684,71.0,1.0,,,1134792,284745,22716,22,477,75,1.0,156760,38335,3014,4.0,152,27.0,,184900,98893,11096,,290,20.0,2.0,700583,5326,484,,129.0,11352464,858225,41820,5.0,55,16.0,,7822193,248492,9158,1.0,2.0,3210607,409848,21406,3.0,594,25.0,,618659,59294,3582,,281,26.0,,427996,113029,8523,,397,19.0,,1873520,7519,434,,31.0
